HCP_ID,HCP_Name,Gender,Age,Experience_Years,Specialty,Hospital_Type,Practice_Type,Patient_Volume,Region,State,City,Tier
HCP00001,Aryan Maharaj,Male,29,1,Cardiology,Private,Solo Practice,High,West,Goa,Margao,Tier 3
HCP00002,Udant Dewan,Male,65,38,General Medicine,Government,Solo Practice,Low,West,Maharashtra,Nagpur,Tier 2
HCP00003,Gagan Sami,Male,63,38,Pulmonology,Medical College,Solo Practice,Medium,North,Punjab,Amritsar,Tier 2
HCP00004,Ayushman Chander,Female,28,1,Gastroenterology,Medical College,Group Practice,Medium,North,Uttar Pradesh,Lucknow,Tier 1
HCP00005,Viraj Tiwari,Male,49,25,General Medicine,Government,Group Practice,High,North,Uttar Pradesh,Lucknow,Tier 1
HCP00006,Rushil Saini,Female,30,1,Pediatrics,Government,Group Practice,Low,East,Jharkhand,Ranchi,Tier 2
HCP00007,Saumya Mall,Female,68,40,Dermatology,Clinic,Hospital Attached,Low,West,Maharashtra,Mumbai,Tier 1
HCP00008,Nathaniel Sami,Male,30,1,Cardiology,Clinic,Solo Practice,High,West,Gujarat,Ahmedabad,Tier 1
HCP00009,Arunima Dugal,Male,52,26,Pediatrics,Clinic,Solo Practice,Medium,North,Uttar Pradesh,Noida,Tier 1
HCP00010,Gayathri Chaudry,Male,45,16,Oncology,Government,Hospital Attached,Medium,West,Gujarat,Surat,Tier 2
HCP00011,Lajita Chatterjee,Male,38,11,Endocrinology,Private,Hospital Attached,Medium,Central,Madhya Pradesh,Bhopal,Tier 2
HCP00012,Hemangini Lalla,Male,42,12,General Medicine,Clinic,Group Practice,Medium,Central,Chhattisgarh,Raipur,Tier 2
HCP00013,Tripti Yadav,Male,64,35,Cardiology,Medical College,Group Practice,High,North,Punjab,Amritsar,Tier 2
HCP00014,Kritika Brar,Female,37,11,General Medicine,Clinic,Hospital Attached,Medium,East,Jharkhand,Ranchi,Tier 2
HCP00015,Janaki Handa,Female,51,26,Nephrology,Private,Hospital Attached,Medium,Central,Madhya Pradesh,Bhopal,Tier 2
HCP00016,Chakradev Kari,Male,35,10,Neurology,Medical College,Hospital Attached,Low,North,Uttar Pradesh,Lucknow,Tier 1
HCP00017,Fariq Kaul,Female,66,39,Orthopedics,Government,Hospital Attached,High,South,Andhra Pradesh,Visakhapatnam,Tier 2
HCP00018,Lajita Mall,Female,49,25,Cardiology,Private,Group Practice,Low,West,Maharashtra,Nagpur,Tier 2
HCP00019,Janya Gaba,Female,60,30,General Medicine,Government,Hospital Attached,Medium,Central,Chhattisgarh,Raipur,Tier 2
HCP00020,Isha Kadakia,Male,37,11,Pulmonology,Government,Hospital Attached,Medium,West,Maharashtra,Nagpur,Tier 2
HCP00021,Ekbal Garg,Male,35,9,Dermatology,Clinic,Solo Practice,Low,East,Odisha,Bhubaneswar,Tier 2
HCP00022,Nihal Shere,Male,33,4,Pediatrics,Government,Hospital Attached,High,West,Maharashtra,Nagpur,Tier 2
HCP00023,Anamika Kanda,Male,58,30,General Medicine,Medical College,Solo Practice,High,North,Punjab,Ludhiana,Tier 2
HCP00024,Daksh Karnik,Male,47,20,Nephrology,Clinic,Group Practice,High,West,Gujarat,Ahmedabad,Tier 1
HCP00025,Diya Rattan,Female,35,10,Cardiology,Clinic,Solo Practice,Medium,East,Odisha,Bhubaneswar,Tier 2
HCP00026,Dominic Kakar,Male,65,40,General Medicine,Government,Solo Practice,Low,East,Bihar,Patna,Tier 2
HCP00027,Simon Tata,Male,49,25,Pediatrics,Clinic,Hospital Attached,Medium,South,Tamil Nadu,Coimbatore,Tier 2
HCP00028,Tara Dhar,Male,64,36,Pediatrics,Medical College,Group Practice,Low,North,Punjab,Ludhiana,Tier 2
HCP00029,Liam Koshy,Male,55,29,Pediatrics,Medical College,Hospital Attached,Low,East,Bihar,Patna,Tier 2
HCP00030,Priya Rastogi,Male,31,4,Pulmonology,Government,Solo Practice,Low,West,Rajasthan,Jaipur,Tier 2
HCP00031,Theodore Devi,Female,36,9,General Medicine,Medical College,Solo Practice,High,West,Maharashtra,Mumbai,Tier 1
HCP00032,Gavin Batta,Male,56,26,Dermatology,Government,Solo Practice,Medium,South,Karnataka,Mysuru,Tier 2
HCP00033,Michael Dutta,Male,33,3,Dermatology,Private,Group Practice,Medium,South,Karnataka,Bengaluru,Tier 1
HCP00034,Devansh Rajan,Male,53,29,General Medicine,Government,Group Practice,Medium,West,Gujarat,Surat,Tier 2
HCP00035,Upadhriti Wadhwa,Female,46,19,Pulmonology,Medical College,Solo Practice,Low,South,Telangana,Hyderabad,Tier 1
HCP00036,Advay Contractor,Male,31,3,Pulmonology,Government,Hospital Attached,Medium,North,Delhi,Dwarka,Tier 1
HCP00037,Harini Choudhury,Male,65,38,Pediatrics,Private,Solo Practice,High,South,Tamil Nadu,Chennai,Tier 1
HCP00038,Radhika Dugar,Male,39,15,Orthopedics,Private,Group Practice,Low,North,Uttar Pradesh,Lucknow,Tier 1
HCP00039,Aarush Lall,Male,65,37,General Medicine,Government,Group Practice,Medium,South,Tamil Nadu,Coimbatore,Tier 2
HCP00040,Yashica Cherian,Female,44,19,Neurology,Clinic,Solo Practice,Medium,Central,Madhya Pradesh,Indore,Tier 2
HCP00041,Yashica Issac,Male,47,20,Cardiology,Government,Solo Practice,Medium,West,Gujarat,Surat,Tier 2
HCP00042,Kashvi Edwin,Male,32,4,Cardiology,Clinic,Solo Practice,High,South,Telangana,Hyderabad,Tier 1
HCP00043,Ekiya Suresh,Male,43,17,Cardiology,Medical College,Hospital Attached,High,West,Maharashtra,Mumbai,Tier 1
HCP00044,Isaac Patil,Male,63,37,Oncology,Government,Solo Practice,Medium,West,Goa,Margao,Tier 3
HCP00045,Wriddhish Bhardwaj,Male,63,38,Cardiology,Private,Hospital Attached,Medium,West,Gujarat,Surat,Tier 2
HCP00046,Farhan Chada,Female,60,33,Cardiology,Government,Solo Practice,Medium,North,Haryana,Gurugram,Tier 1
HCP00047,Ekapad Walia,Female,30,6,Endocrinology,Private,Hospital Attached,High,South,Telangana,Warangal,Tier 2
HCP00048,Kabir Soman,Male,56,28,Pulmonology,Government,Solo Practice,Low,West,Maharashtra,Nagpur,Tier 2
HCP00049,Alka Wable,Male,62,38,Gastroenterology,Private,Group Practice,Low,West,Goa,Margao,Tier 3
HCP00050,Siddharth Zacharia,Female,51,21,Psychiatry,Government,Group Practice,Low,West,Gujarat,Ahmedabad,Tier 1
HCP00051,Devika Rastogi,Male,34,8,Gastroenterology,Medical College,Hospital Attached,High,East,West Bengal,Siliguri,Tier 2
HCP00052,Raksha Varughese,Male,38,8,Gastroenterology,Medical College,Solo Practice,Low,South,Kerala,Kochi,Tier 2
HCP00053,Jai Kota,Female,54,24,Neurology,Private,Group Practice,Low,North,Delhi,New Delhi,Tier 1
HCP00054,Devansh Nigam,Male,52,22,General Medicine,Medical College,Solo Practice,Low,North,Haryana,Gurugram,Tier 1
HCP00055,Victor Kannan,Female,50,24,Gastroenterology,Private,Solo Practice,Low,North,Uttar Pradesh,Noida,Tier 1
HCP00056,Ekavir Bhargava,Male,53,27,Cardiology,Government,Group Practice,Medium,West,Maharashtra,Nagpur,Tier 2
HCP00057,Ekansh Balay,Female,62,36,Oncology,Government,Group Practice,Low,West,Gujarat,Ahmedabad,Tier 1
HCP00058,Ekavir Varkey,Female,30,6,Orthopedics,Clinic,Hospital Attached,High,North,Haryana,Gurugram,Tier 1
HCP00059,Arya Sunder,Female,66,38,General Medicine,Private,Group Practice,Low,North,Delhi,New Delhi,Tier 1
HCP00060,Kevin Solanki,Female,28,1,Oncology,Private,Group Practice,Medium,North,Uttar Pradesh,Lucknow,Tier 1
HCP00061,Urvashi Ray,Female,67,41,Neurology,Government,Hospital Attached,High,South,Andhra Pradesh,Visakhapatnam,Tier 2
HCP00062,Girindra Chatterjee,Female,54,28,Endocrinology,Clinic,Hospital Attached,Low,South,Andhra Pradesh,Visakhapatnam,Tier 2
HCP00063,Irya Sampath,Female,52,23,Pulmonology,Private,Hospital Attached,Medium,West,Goa,Margao,Tier 3
HCP00064,Unni Bhagat,Female,63,33,General Medicine,Clinic,Solo Practice,Medium,West,Goa,Margao,Tier 3
HCP00065,Darsh Rau,Female,57,30,Pediatrics,Private,Hospital Attached,Medium,East,Jharkhand,Ranchi,Tier 2
HCP00066,Ikbal Kothari,Male,33,7,Pediatrics,Clinic,Solo Practice,High,South,Karnataka,Bengaluru,Tier 1
HCP00067,Ranveer Yadav,Male,47,22,Gastroenterology,Private,Solo Practice,Low,West,Goa,Margao,Tier 3
HCP00068,Logan Sami,Female,67,37,Pulmonology,Medical College,Group Practice,High,East,West Bengal,Siliguri,Tier 2
HCP00069,Arya Shere,Male,52,25,Endocrinology,Private,Hospital Attached,Medium,North,Punjab,Amritsar,Tier 2
HCP00070,Faqid Savant,Male,55,30,General Medicine,Medical College,Solo Practice,Medium,West,Rajasthan,Jaipur,Tier 2
HCP00071,Chandresh Zachariah,Male,57,32,Gastroenterology,Clinic,Group Practice,Medium,East,West Bengal,Siliguri,Tier 2
HCP00072,Girik Khalsa,Female,63,36,Dermatology,Medical College,Group Practice,Medium,West,Goa,Panaji,Tier 2
HCP00073,Niharika Sunder,Male,68,42,Pulmonology,Medical College,Hospital Attached,Low,West,Maharashtra,Nagpur,Tier 2
HCP00074,Tanay Rattan,Female,32,3,Cardiology,Clinic,Group Practice,Medium,East,Assam,Guwahati,Tier 2
HCP00075,Nitesh Raghavan,Male,36,11,Cardiology,Private,Hospital Attached,Low,North,Delhi,New Delhi,Tier 1
HCP00076,Madhavi Lanka,Female,54,28,Orthopedics,Medical College,Solo Practice,Low,West,Goa,Panaji,Tier 2
HCP00077,Bhavika Sampath,Female,52,22,Orthopedics,Government,Hospital Attached,Medium,Central,Madhya Pradesh,Indore,Tier 2
HCP00078,Mohammed Gupta,Male,50,24,Pulmonology,Medical College,Hospital Attached,High,South,Andhra Pradesh,Visakhapatnam,Tier 2
HCP00079,Teerth Bhardwaj,Male,59,34,Cardiology,Medical College,Solo Practice,Medium,West,Rajasthan,Jaipur,Tier 2
HCP00080,Dipta Bhandari,Female,38,8,Pediatrics,Private,Hospital Attached,Medium,North,Punjab,Ludhiana,Tier 2
HCP00081,Vansha Thakkar,Female,65,37,Neurology,Government,Hospital Attached,Medium,East,Odisha,Bhubaneswar,Tier 2
HCP00082,Dakshesh Trivedi,Female,39,15,Cardiology,Clinic,Solo Practice,Medium,South,Karnataka,Bengaluru,Tier 1
HCP00083,Quincy Biswas,Female,52,26,Pulmonology,Medical College,Group Practice,High,West,Maharashtra,Pune,Tier 1
HCP00084,Wahab Raval,Female,29,1,Orthopedics,Clinic,Solo Practice,Medium,South,Karnataka,Bengaluru,Tier 1
HCP00085,Yatin Baral,Male,29,4,General Medicine,Government,Hospital Attached,Low,South,Tamil Nadu,Chennai,Tier 1
HCP00086,Oni Virk,Male,58,29,General Medicine,Private,Group Practice,Medium,Central,Chhattisgarh,Raipur,Tier 2
HCP00087,Advika Jayaraman,Female,38,10,Orthopedics,Government,Solo Practice,High,West,Maharashtra,Pune,Tier 1
HCP00088,William Lanka,Male,65,41,Oncology,Medical College,Group Practice,High,Central,Madhya Pradesh,Indore,Tier 2
HCP00089,Karan Mital,Male,32,4,Pulmonology,Private,Solo Practice,Medium,West,Maharashtra,Nagpur,Tier 2
HCP00090,Diya Bora,Female,66,36,General Medicine,Government,Group Practice,Medium,East,West Bengal,Kolkata,Tier 1
HCP00091,Tara Chaudhry,Female,32,4,Neurology,Government,Group Practice,High,East,Bihar,Patna,Tier 2
HCP00092,Tanay Toor,Male,55,29,Neurology,Medical College,Hospital Attached,Low,Central,Chhattisgarh,Bilaspur,Tier 3
HCP00093,Kevin Palla,Male,61,32,Cardiology,Medical College,Group Practice,Medium,Central,Chhattisgarh,Bilaspur,Tier 3
HCP00094,Yash Pingle,Female,48,18,Cardiology,Government,Group Practice,High,East,Bihar,Patna,Tier 2
HCP00095,Nakul Sarma,Male,57,29,Neurology,Medical College,Group Practice,Low,West,Gujarat,Ahmedabad,Tier 1
HCP00096,Abhiram Mistry,Female,39,12,Cardiology,Clinic,Group Practice,Medium,South,Andhra Pradesh,Visakhapatnam,Tier 2
HCP00097,Krish Lalla,Female,63,39,Pediatrics,Private,Solo Practice,Low,North,Uttar Pradesh,Noida,Tier 1
HCP00098,Hredhaan Dugal,Female,59,31,Pulmonology,Medical College,Hospital Attached,High,West,Maharashtra,Pune,Tier 1
HCP00099,Baghyawati Kade,Female,29,5,Cardiology,Medical College,Hospital Attached,Low,East,West Bengal,Siliguri,Tier 2
HCP00100,Samar Lalla,Female,58,30,Orthopedics,Medical College,Hospital Attached,Medium,West,Goa,Margao,Tier 3
HCP00101,Zayan Behl,Female,57,31,Cardiology,Private,Solo Practice,High,North,Uttar Pradesh,Noida,Tier 1
HCP00102,Pallavi Malhotra,Female,35,6,Orthopedics,Private,Solo Practice,Low,Central,Madhya Pradesh,Indore,Tier 2
HCP00103,Aarush Nath,Female,45,16,Orthopedics,Clinic,Solo Practice,High,Central,Madhya Pradesh,Indore,Tier 2
HCP00104,Adweta Edwin,Female,42,16,General Medicine,Government,Hospital Attached,Medium,North,Delhi,Dwarka,Tier 1
HCP00105,Prisha Andra,Female,30,6,Orthopedics,Private,Hospital Attached,High,East,West Bengal,Siliguri,Tier 2
HCP00106,Faqid Dixit,Female,34,4,General Medicine,Clinic,Group Practice,Medium,South,Tamil Nadu,Coimbatore,Tier 2
HCP00107,Kala Divan,Female,39,15,Cardiology,Medical College,Solo Practice,High,North,Uttar Pradesh,Lucknow,Tier 1
HCP00108,Joshua Barman,Female,59,35,Orthopedics,Government,Solo Practice,Low,Central,Chhattisgarh,Bilaspur,Tier 3
HCP00109,Janya Baral,Female,33,8,General Medicine,Medical College,Hospital Attached,Medium,South,Telangana,Warangal,Tier 2
HCP00110,Shivansh Krish,Male,61,34,Pediatrics,Medical College,Group Practice,High,West,Maharashtra,Mumbai,Tier 1
HCP00111,Irya Ray,Female,47,19,Neurology,Government,Solo Practice,Medium,South,Karnataka,Mysuru,Tier 2
HCP00112,Warjas Gaba,Female,33,8,Cardiology,Government,Solo Practice,Low,West,Maharashtra,Pune,Tier 1
HCP00113,Nitara Bakshi,Female,66,39,Cardiology,Private,Group Practice,High,North,Uttar Pradesh,Noida,Tier 1
HCP00114,Gaurangi Sabharwal,Female,32,3,Cardiology,Clinic,Hospital Attached,Medium,East,West Bengal,Siliguri,Tier 2
HCP00115,Amara Dutta,Male,55,31,Orthopedics,Private,Group Practice,High,West,Maharashtra,Pune,Tier 1
HCP00116,Lavanya Barad,Male,31,6,Gastroenterology,Clinic,Group Practice,Low,North,Punjab,Amritsar,Tier 2
HCP00117,Tristan Iyengar,Female,53,27,Pediatrics,Medical College,Group Practice,Low,East,Bihar,Patna,Tier 2
HCP00118,Inaya Mody,Male,55,26,Endocrinology,Clinic,Solo Practice,Low,North,Chandigarh,Chandigarh,Tier 2
HCP00119,Udant Bajwa,Male,45,17,General Medicine,Private,Group Practice,Medium,South,Karnataka,Bengaluru,Tier 1
HCP00120,Mohini Narasimhan,Female,45,20,Nephrology,Medical College,Hospital Attached,High,West,Goa,Panaji,Tier 2
HCP00121,Ekaraj Mallick,Male,58,32,Endocrinology,Clinic,Hospital Attached,Low,East,West Bengal,Siliguri,Tier 2
HCP00122,Yashodhara Ratta,Male,49,22,Pulmonology,Clinic,Hospital Attached,High,North,Uttar Pradesh,Lucknow,Tier 1
HCP00123,Ayaan D’Alia,Male,57,33,Cardiology,Clinic,Solo Practice,High,North,Delhi,Dwarka,Tier 1
HCP00124,Pranav Lanka,Female,60,30,Nephrology,Medical College,Group Practice,Low,West,Gujarat,Ahmedabad,Tier 1
HCP00125,Ikbal Saraf,Female,67,37,Pediatrics,Medical College,Solo Practice,Low,West,Maharashtra,Pune,Tier 1
HCP00126,Dipta Sarin,Male,46,19,Dermatology,Medical College,Solo Practice,Low,South,Kerala,Kochi,Tier 2
HCP00127,Lekha Gupta,Male,38,12,Orthopedics,Medical College,Solo Practice,Low,North,Chandigarh,Chandigarh,Tier 2
HCP00128,Chaitanya Sarin,Male,57,33,Neurology,Private,Group Practice,High,North,Uttar Pradesh,Noida,Tier 1
HCP00129,Zinal Yohannan,Female,60,31,Cardiology,Medical College,Group Practice,Low,North,Uttar Pradesh,Lucknow,Tier 1
HCP00130,Januja Sankar,Male,52,27,Oncology,Private,Solo Practice,Medium,North,Delhi,Dwarka,Tier 1
HCP00131,Ganga Murthy,Female,49,19,Pediatrics,Government,Group Practice,High,East,Assam,Guwahati,Tier 2
HCP00132,Charita Tripathi,Female,37,10,Orthopedics,Clinic,Group Practice,Medium,East,West Bengal,Siliguri,Tier 2
HCP00133,Nilima Narain,Female,57,31,Dermatology,Private,Hospital Attached,Medium,Central,Madhya Pradesh,Indore,Tier 2
HCP00134,Chakrika Datta,Female,30,4,Pulmonology,Medical College,Group Practice,High,West,Goa,Panaji,Tier 2
HCP00135,Osha Raghavan,Male,59,35,General Medicine,Clinic,Solo Practice,High,South,Telangana,Hyderabad,Tier 1
HCP00136,Charvi Ravi,Female,34,6,Oncology,Government,Hospital Attached,Low,East,Bihar,Patna,Tier 2
HCP00137,Daksha Mangat,Male,32,5,Gastroenterology,Clinic,Group Practice,Medium,East,Jharkhand,Ranchi,Tier 2
HCP00138,Qushi Nagy,Female,33,3,Endocrinology,Medical College,Group Practice,Medium,North,Uttar Pradesh,Lucknow,Tier 1
HCP00139,Riya Sathe,Female,62,38,Neurology,Private,Hospital Attached,Medium,South,Andhra Pradesh,Visakhapatnam,Tier 2
HCP00140,Yasti Solanki,Female,42,13,General Medicine,Government,Hospital Attached,High,North,Haryana,Gurugram,Tier 1
HCP00141,Frado Mander,Male,56,31,Pulmonology,Government,Solo Practice,Medium,East,Assam,Guwahati,Tier 2
HCP00142,Girik Keer,Male,46,20,Endocrinology,Private,Solo Practice,Medium,South,Telangana,Warangal,Tier 2
HCP00143,Umang Issac,Male,38,13,General Medicine,Medical College,Hospital Attached,Medium,West,Goa,Panaji,Tier 2
HCP00144,Aryan Batra,Female,65,40,Cardiology,Clinic,Group Practice,Medium,East,Assam,Guwahati,Tier 2
HCP00145,Vaishnavi Bora,Male,57,31,Neurology,Private,Solo Practice,Medium,South,Andhra Pradesh,Visakhapatnam,Tier 2
HCP00146,Oeshi Hayer,Female,65,39,Neurology,Medical College,Hospital Attached,Medium,North,Punjab,Ludhiana,Tier 2
HCP00147,Warda Ratta,Female,40,13,Dermatology,Government,Solo Practice,Medium,South,Karnataka,Bengaluru,Tier 1
HCP00148,Manbir Ahluwalia,Female,64,38,Nephrology,Clinic,Solo Practice,High,Central,Madhya Pradesh,Indore,Tier 2
HCP00149,Pavani Kanda,Female,45,21,Orthopedics,Government,Hospital Attached,High,East,West Bengal,Kolkata,Tier 1
HCP00150,Zarna Shetty,Female,42,14,Gastroenterology,Private,Hospital Attached,Low,East,Bihar,Patna,Tier 2
HCP00151,Zaid Dara,Female,36,7,General Medicine,Government,Group Practice,High,Central,Chhattisgarh,Raipur,Tier 2
HCP00152,Kiaan Shetty,Male,65,39,Pulmonology,Government,Group Practice,Medium,West,Maharashtra,Pune,Tier 1
HCP00153,Saanvi Thaman,Female,39,14,General Medicine,Clinic,Hospital Attached,Medium,East,Odisha,Bhubaneswar,Tier 2
HCP00154,Sanaya Dutt,Female,38,12,Oncology,Medical College,Group Practice,High,South,Telangana,Warangal,Tier 2
HCP00155,Shivani Lad,Female,35,8,Psychiatry,Private,Solo Practice,High,West,Rajasthan,Jaipur,Tier 2
HCP00156,Aradhana Verma,Female,63,37,General Medicine,Medical College,Solo Practice,Medium,South,Telangana,Hyderabad,Tier 1
HCP00157,William Maharaj,Male,57,31,Neurology,Clinic,Hospital Attached,Medium,West,Goa,Margao,Tier 3
HCP00158,Faras Mangal,Female,34,5,Cardiology,Government,Hospital Attached,High,West,Goa,Margao,Tier 3
HCP00159,Anita Nayak,Female,67,42,Neurology,Medical College,Hospital Attached,Medium,South,Karnataka,Bengaluru,Tier 1
HCP00160,Faris Devi,Female,35,10,General Medicine,Government,Group Practice,High,South,Telangana,Hyderabad,Tier 1
HCP00161,Vihaan Rajagopal,Male,34,9,Dermatology,Private,Group Practice,Medium,West,Maharashtra,Mumbai,Tier 1
HCP00162,Tanish Bhatt,Female,65,36,Pulmonology,Medical College,Hospital Attached,Low,North,Punjab,Amritsar,Tier 2
HCP00163,Nikita Narayanan,Female,67,40,Oncology,Clinic,Solo Practice,Medium,Central,Chhattisgarh,Bilaspur,Tier 3
HCP00164,Ojasvi Bhatia,Male,56,29,Psychiatry,Clinic,Solo Practice,High,North,Haryana,Gurugram,Tier 1
HCP00165,Osha Ramachandran,Female,62,33,Endocrinology,Medical College,Group Practice,Low,West,Goa,Margao,Tier 3
HCP00166,Lajita Sood,Male,57,33,Neurology,Government,Solo Practice,High,West,Goa,Margao,Tier 3
HCP00167,Indira Misra,Male,36,6,Orthopedics,Government,Hospital Attached,Low,South,Karnataka,Bengaluru,Tier 1
HCP00168,Oni Yohannan,Male,42,16,Gastroenterology,Government,Group Practice,High,North,Uttar Pradesh,Noida,Tier 1
HCP00169,Vinaya Kanda,Male,36,8,Cardiology,Private,Solo Practice,Medium,West,Maharashtra,Mumbai,Tier 1
HCP00170,Rajata Sunder,Male,36,12,Endocrinology,Private,Hospital Attached,Medium,South,Tamil Nadu,Chennai,Tier 1
HCP00171,Lopa Nayar,Male,44,20,General Medicine,Medical College,Hospital Attached,Low,North,Uttar Pradesh,Noida,Tier 1
HCP00172,Noah Sibal,Male,58,31,Gastroenterology,Government,Group Practice,Medium,Central,Madhya Pradesh,Indore,Tier 2
HCP00173,Avi Ramesh,Male,61,35,Pediatrics,Government,Solo Practice,High,South,Telangana,Hyderabad,Tier 1
HCP00174,Fiyaz Sangha,Female,55,26,General Medicine,Medical College,Solo Practice,High,North,Delhi,New Delhi,Tier 1
HCP00175,Triya Gopal,Female,66,41,General Medicine,Clinic,Hospital Attached,Medium,South,Karnataka,Mysuru,Tier 2
HCP00176,Abha Raghavan,Female,52,24,Orthopedics,Medical College,Hospital Attached,Medium,North,Uttar Pradesh,Lucknow,Tier 1
HCP00177,Siddharth Sha,Male,35,5,Neurology,Private,Group Practice,Medium,South,Tamil Nadu,Coimbatore,Tier 2
HCP00178,Geetika Raghavan,Male,54,28,Gastroenterology,Medical College,Group Practice,High,North,Delhi,Dwarka,Tier 1
HCP00179,Oviya Krishnan,Female,55,29,Neurology,Clinic,Solo Practice,Medium,West,Rajasthan,Jaipur,Tier 2
HCP00180,Upma Bahl,Female,32,8,Gastroenterology,Government,Group Practice,Low,Central,Chhattisgarh,Bilaspur,Tier 3
HCP00181,Inaya Kapur,Female,36,8,General Medicine,Clinic,Hospital Attached,Low,Central,Chhattisgarh,Bilaspur,Tier 3
HCP00182,Banjeet Balasubramanian,Female,55,25,Oncology,Government,Group Practice,Medium,Central,Madhya Pradesh,Indore,Tier 2
HCP00183,Ryan Bahri,Female,34,6,Pediatrics,Private,Hospital Attached,Medium,South,Tamil Nadu,Chennai,Tier 1
HCP00184,William Date,Male,50,20,Orthopedics,Government,Group Practice,Medium,South,Karnataka,Bengaluru,Tier 1
HCP00185,Ishwar Kamdar,Female,63,33,Gastroenterology,Government,Hospital Attached,High,South,Kerala,Kochi,Tier 2
HCP00186,Aahana Pillay,Female,29,4,Cardiology,Clinic,Group Practice,Medium,East,Assam,Guwahati,Tier 2
HCP00187,Ishwar Gade,Male,37,9,Neurology,Government,Solo Practice,High,Central,Chhattisgarh,Raipur,Tier 2
HCP00188,Hritik Bal,Male,33,4,Orthopedics,Medical College,Group Practice,Medium,South,Telangana,Hyderabad,Tier 1
HCP00189,Keya Ranganathan,Male,51,25,Pulmonology,Government,Solo Practice,Low,West,Goa,Margao,Tier 3
HCP00190,Faqid Kibe,Male,33,7,Pediatrics,Medical College,Group Practice,Medium,North,Haryana,Gurugram,Tier 1
HCP00191,Charvi Dara,Female,45,20,Pulmonology,Government,Group Practice,Medium,East,Jharkhand,Ranchi,Tier 2
HCP00192,Idika Walia,Female,65,38,Orthopedics,Clinic,Solo Practice,Low,South,Telangana,Warangal,Tier 2
HCP00193,Kamala Biswas,Male,28,3,Cardiology,Private,Solo Practice,High,East,Assam,Guwahati,Tier 2
HCP00194,Advik Salvi,Female,48,24,General Medicine,Medical College,Solo Practice,Low,Central,Madhya Pradesh,Bhopal,Tier 2
HCP00195,Hitesh Sant,Male,60,32,Gastroenterology,Clinic,Solo Practice,Medium,North,Delhi,Dwarka,Tier 1
HCP00196,Tripti Dua,Male,55,31,Pediatrics,Government,Group Practice,Medium,East,Jharkhand,Ranchi,Tier 2
HCP00197,Patrick Vig,Female,68,41,Cardiology,Medical College,Solo Practice,High,North,Uttar Pradesh,Noida,Tier 1
HCP00198,Veda Shroff,Male,67,40,Gastroenterology,Clinic,Solo Practice,Medium,North,Delhi,New Delhi,Tier 1
HCP00199,Amrita Naidu,Male,43,16,Orthopedics,Government,Group Practice,High,East,Bihar,Patna,Tier 2
HCP00200,Gabriel Mallick,Female,42,16,Gastroenterology,Government,Hospital Attached,Medium,West,Goa,Margao,Tier 3
HCP00201,Yagnesh Shetty,Male,50,24,Pulmonology,Private,Solo Practice,Low,North,Uttar Pradesh,Noida,Tier 1
HCP00202,Gayathri Balakrishnan,Female,40,15,Orthopedics,Government,Solo Practice,High,North,Haryana,Gurugram,Tier 1
HCP00203,Ekta Gopal,Female,57,27,Orthopedics,Medical College,Hospital Attached,High,Central,Madhya Pradesh,Indore,Tier 2
HCP00204,Simon Pant,Female,68,42,General Medicine,Government,Group Practice,Medium,South,Telangana,Warangal,Tier 2
HCP00205,Harini Mammen,Female,45,17,General Medicine,Government,Group Practice,Medium,North,Delhi,New Delhi,Tier 1
HCP00206,Advaith Varughese,Male,31,5,Gastroenterology,Government,Hospital Attached,High,South,Telangana,Warangal,Tier 2
HCP00207,Frederick Khurana,Male,67,39,Pediatrics,Medical College,Hospital Attached,Medium,South,Telangana,Hyderabad,Tier 1
HCP00208,Vrinda Khosla,Male,56,26,Orthopedics,Private,Group Practice,Medium,East,Assam,Guwahati,Tier 2
HCP00209,Vritti Sem,Male,31,4,General Medicine,Clinic,Hospital Attached,Low,West,Maharashtra,Nagpur,Tier 2
HCP00210,Girik Menon,Male,30,5,Pulmonology,Medical College,Hospital Attached,Medium,East,Jharkhand,Ranchi,Tier 2
HCP00211,Nidhi Kohli,Male,51,25,Oncology,Medical College,Group Practice,High,West,Gujarat,Surat,Tier 2
HCP00212,Jyoti Solanki,Male,68,39,Endocrinology,Clinic,Solo Practice,Medium,South,Telangana,Hyderabad,Tier 1
HCP00213,Pavani Narayanan,Female,46,20,Pulmonology,Private,Group Practice,Low,Central,Chhattisgarh,Raipur,Tier 2
HCP00214,Sudiksha Madan,Male,50,24,Psychiatry,Medical College,Solo Practice,Medium,West,Gujarat,Surat,Tier 2
HCP00215,Zayan Kashyap,Male,47,19,Endocrinology,Clinic,Solo Practice,Medium,West,Rajasthan,Jaipur,Tier 2
HCP00216,Reyansh Mutti,Male,55,27,Endocrinology,Clinic,Group Practice,Low,East,Jharkhand,Ranchi,Tier 2
HCP00217,Qasim Handa,Male,49,19,Pediatrics,Private,Solo Practice,Low,East,Odisha,Bhubaneswar,Tier 2
HCP00218,Veda Malhotra,Female,34,6,Gastroenterology,Government,Hospital Attached,Medium,East,West Bengal,Siliguri,Tier 2
HCP00219,Harish Hari,Male,66,39,General Medicine,Private,Hospital Attached,High,West,Gujarat,Surat,Tier 2
HCP00220,Utkarsh Patel,Male,56,32,Endocrinology,Private,Group Practice,Medium,East,West Bengal,Siliguri,Tier 2
HCP00221,Chasmum Atwal,Female,42,14,Cardiology,Medical College,Solo Practice,Medium,Central,Madhya Pradesh,Bhopal,Tier 2
HCP00222,Anusha Bath,Female,57,27,Cardiology,Medical College,Hospital Attached,Medium,Central,Madhya Pradesh,Bhopal,Tier 2
HCP00223,Brinda Date,Male,40,10,Orthopedics,Clinic,Solo Practice,Medium,East,Odisha,Bhubaneswar,Tier 2
HCP00224,Harshil Arora,Female,63,39,Pulmonology,Government,Group Practice,Low,North,Punjab,Ludhiana,Tier 2
HCP00225,Upasna Srinivas,Male,45,18,Oncology,Private,Group Practice,Low,North,Punjab,Amritsar,Tier 2
HCP00226,Harini Gour,Male,56,30,Oncology,Medical College,Solo Practice,Medium,West,Maharashtra,Nagpur,Tier 2
HCP00227,Zayyan Sridhar,Female,43,16,Nephrology,Clinic,Solo Practice,Low,West,Goa,Panaji,Tier 2
HCP00228,Dhruv Rattan,Male,49,19,General Medicine,Government,Group Practice,High,Central,Chhattisgarh,Raipur,Tier 2
HCP00229,Ethan Bera,Female,36,6,Pulmonology,Medical College,Hospital Attached,Low,West,Rajasthan,Jaipur,Tier 2
HCP00230,Manthan Modi,Male,29,3,Cardiology,Private,Hospital Attached,High,North,Delhi,Dwarka,Tier 1
HCP00231,Yuvraj Dani,Female,35,5,Cardiology,Clinic,Solo Practice,Low,West,Rajasthan,Jaipur,Tier 2
HCP00232,Upkaar Virk,Female,68,38,Neurology,Government,Solo Practice,High,West,Goa,Margao,Tier 3
HCP00233,Shravya Savant,Female,66,38,General Medicine,Private,Hospital Attached,Low,North,Uttar Pradesh,Lucknow,Tier 1
HCP00234,Pushti Mody,Female,28,1,Endocrinology,Medical College,Solo Practice,Medium,North,Haryana,Gurugram,Tier 1
HCP00235,Hardik Johal,Male,61,35,General Medicine,Government,Group Practice,High,North,Uttar Pradesh,Lucknow,Tier 1
HCP00236,Aishani Bumb,Male,68,41,Nephrology,Clinic,Hospital Attached,Low,North,Punjab,Amritsar,Tier 2
HCP00237,Wriddhish Ghose,Male,50,25,Pulmonology,Government,Hospital Attached,High,East,West Bengal,Siliguri,Tier 2
HCP00238,Naksh Agate,Female,36,12,Endocrinology,Clinic,Hospital Attached,Low,North,Haryana,Gurugram,Tier 1
HCP00239,Shravya Singhal,Female,58,29,General Medicine,Private,Solo Practice,High,South,Tamil Nadu,Coimbatore,Tier 2
HCP00240,Bachittar Kata,Female,30,4,Cardiology,Private,Solo Practice,Medium,West,Rajasthan,Jaipur,Tier 2
HCP00241,Barkha Setty,Female,60,33,Nephrology,Medical College,Group Practice,Low,South,Telangana,Hyderabad,Tier 1
HCP00242,Vivaan Lalla,Male,46,20,Dermatology,Government,Hospital Attached,Medium,South,Karnataka,Bengaluru,Tier 1
HCP00243,Pavani Contractor,Male,51,24,Dermatology,Medical College,Group Practice,Medium,South,Telangana,Hyderabad,Tier 1
HCP00244,Manthan Lata,Male,59,30,Pediatrics,Clinic,Solo Practice,High,Central,Chhattisgarh,Raipur,Tier 2
HCP00245,Ekbal Bhasin,Male,55,27,Nephrology,Private,Hospital Attached,Medium,North,Punjab,Ludhiana,Tier 2
HCP00246,Damyanti Mani,Male,33,7,Neurology,Clinic,Group Practice,Medium,Central,Madhya Pradesh,Indore,Tier 2
HCP00247,Jeet Sidhu,Female,38,9,Pediatrics,Medical College,Solo Practice,High,West,Maharashtra,Mumbai,Tier 1
HCP00248,Neha Magar,Female,67,40,Cardiology,Government,Solo Practice,Medium,Central,Chhattisgarh,Raipur,Tier 2
HCP00249,Raksha Buch,Female,51,23,Gastroenterology,Private,Solo Practice,Low,South,Andhra Pradesh,Visakhapatnam,Tier 2
HCP00250,Rachana Naidu,Female,30,5,General Medicine,Clinic,Group Practice,Medium,East,Jharkhand,Ranchi,Tier 2
HCP00251,Atharv Chand,Male,66,41,Neurology,Clinic,Group Practice,Medium,South,Karnataka,Mysuru,Tier 2
HCP00252,Ansh Luthra,Male,64,39,Orthopedics,Medical College,Group Practice,Medium,South,Karnataka,Bengaluru,Tier 1
HCP00253,Parth Singhal,Male,35,11,Pulmonology,Medical College,Hospital Attached,Medium,South,Tamil Nadu,Coimbatore,Tier 2
HCP00254,Arunima Golla,Male,44,14,Cardiology,Medical College,Solo Practice,High,North,Haryana,Gurugram,Tier 1
HCP00255,Vyanjana Chand,Female,59,34,General Medicine,Government,Group Practice,Low,South,Karnataka,Bengaluru,Tier 1
HCP00256,Ijaya Rege,Female,33,3,Neurology,Clinic,Hospital Attached,Medium,North,Punjab,Amritsar,Tier 2
HCP00257,Ekani Cheema,Male,63,35,Cardiology,Clinic,Solo Practice,High,North,Uttar Pradesh,Lucknow,Tier 1
HCP00258,Forum Sabharwal,Male,51,23,Cardiology,Private,Solo Practice,Low,North,Punjab,Amritsar,Tier 2
HCP00259,Bhavya Rattan,Female,29,3,Orthopedics,Clinic,Group Practice,High,Central,Madhya Pradesh,Indore,Tier 2
HCP00260,Suhani Chakrabarti,Male,67,43,General Medicine,Medical College,Hospital Attached,High,North,Delhi,New Delhi,Tier 1
HCP00261,Zayyan Naik,Female,54,24,Orthopedics,Private,Group Practice,Medium,West,Maharashtra,Mumbai,Tier 1
HCP00262,Netra Varkey,Female,57,28,Pediatrics,Private,Hospital Attached,Medium,West,Goa,Margao,Tier 3
HCP00263,Turvi Sachdev,Male,36,9,Pediatrics,Government,Solo Practice,Medium,North,Punjab,Amritsar,Tier 2
HCP00264,Raghav Vasa,Female,38,13,Endocrinology,Private,Group Practice,High,West,Maharashtra,Nagpur,Tier 2
HCP00265,Wishi Sathe,Female,33,7,General Medicine,Clinic,Solo Practice,Medium,West,Gujarat,Surat,Tier 2
HCP00266,Samar Loke,Male,60,31,General Medicine,Private,Solo Practice,Medium,Central,Chhattisgarh,Raipur,Tier 2
HCP00267,Bhavna Sarma,Female,64,40,Gastroenterology,Government,Solo Practice,Low,Central,Chhattisgarh,Bilaspur,Tier 3
HCP00268,Jairaj Balakrishnan,Female,41,11,Orthopedics,Government,Group Practice,High,North,Chandigarh,Chandigarh,Tier 2
HCP00269,Nathan Mukhopadhyay,Female,47,20,Cardiology,Medical College,Group Practice,Medium,North,Uttar Pradesh,Lucknow,Tier 1
HCP00270,Nikita Chander,Male,38,11,Endocrinology,Medical College,Solo Practice,Medium,East,Jharkhand,Ranchi,Tier 2
HCP00271,Ishaan Shenoy,Male,48,18,Pulmonology,Clinic,Group Practice,Low,Central,Madhya Pradesh,Bhopal,Tier 2
HCP00272,Mitesh Tara,Female,60,32,General Medicine,Private,Group Practice,Low,North,Punjab,Ludhiana,Tier 2
HCP00273,Yashodhara Mahajan,Female,43,18,General Medicine,Clinic,Group Practice,High,North,Delhi,Dwarka,Tier 1
HCP00274,Vasudha Sodhi,Female,43,13,Oncology,Clinic,Hospital Attached,High,East,Jharkhand,Ranchi,Tier 2
HCP00275,Tanmayi Dhillon,Male,38,11,Nephrology,Medical College,Group Practice,High,Central,Madhya Pradesh,Indore,Tier 2
HCP00276,Rayaan Trivedi,Female,29,5,Oncology,Medical College,Solo Practice,Low,South,Tamil Nadu,Chennai,Tier 1
HCP00277,Ekaraj Majumdar,Female,31,7,Cardiology,Medical College,Group Practice,Medium,West,Gujarat,Surat,Tier 2
HCP00278,Harini Tripathi,Male,55,30,Dermatology,Clinic,Group Practice,Medium,West,Goa,Margao,Tier 3
HCP00279,Aarnav Mandal,Female,31,3,Orthopedics,Clinic,Hospital Attached,Medium,South,Telangana,Warangal,Tier 2
HCP00280,Vrishti Dixit,Female,60,33,Pulmonology,Clinic,Hospital Attached,Medium,North,Uttar Pradesh,Noida,Tier 1
HCP00281,Veda Pai,Male,36,12,Endocrinology,Clinic,Hospital Attached,High,West,Gujarat,Ahmedabad,Tier 1
HCP00282,Krishna Shah,Male,40,12,Pediatrics,Government,Solo Practice,Low,East,Assam,Guwahati,Tier 2
HCP00283,Ranbir Khare,Female,58,30,Pediatrics,Private,Group Practice,High,West,Maharashtra,Pune,Tier 1
HCP00284,Vivaan Roy,Female,38,11,Nephrology,Clinic,Hospital Attached,Medium,South,Telangana,Hyderabad,Tier 1
HCP00285,Eesha Solanki,Female,64,38,Pediatrics,Government,Group Practice,Medium,South,Kerala,Kochi,Tier 2
HCP00286,Libni Doshi,Male,54,26,Cardiology,Government,Hospital Attached,Medium,North,Delhi,New Delhi,Tier 1
HCP00287,Balhaar Date,Male,31,3,Pediatrics,Medical College,Solo Practice,High,South,Kerala,Kochi,Tier 2
HCP00288,Harish Sarraf,Male,30,2,Oncology,Government,Solo Practice,Low,North,Haryana,Gurugram,Tier 1
HCP00289,Tanmayi Aurora,Female,54,29,Endocrinology,Private,Group Practice,Medium,South,Tamil Nadu,Coimbatore,Tier 2
HCP00290,Nimrat Dubey,Female,31,2,General Medicine,Private,Hospital Attached,Medium,North,Uttar Pradesh,Lucknow,Tier 1
HCP00291,Upasna Lanka,Female,61,34,Cardiology,Private,Group Practice,High,East,West Bengal,Siliguri,Tier 2
HCP00292,Mitali Buch,Female,62,36,Neurology,Clinic,Hospital Attached,Medium,South,Tamil Nadu,Coimbatore,Tier 2
HCP00293,Lajita Nadig,Male,45,17,Cardiology,Clinic,Group Practice,High,West,Gujarat,Ahmedabad,Tier 1
HCP00294,Balendra Biswas,Female,48,21,Endocrinology,Clinic,Group Practice,Low,North,Delhi,Dwarka,Tier 1
HCP00295,Bhavna Karan,Female,53,23,Endocrinology,Private,Group Practice,Low,West,Rajasthan,Jaipur,Tier 2
HCP00296,Radha Chaudhari,Male,50,23,Neurology,Medical College,Solo Practice,Low,South,Kerala,Kochi,Tier 2
HCP00297,Sachi Ganesan,Female,63,34,Cardiology,Government,Hospital Attached,High,West,Rajasthan,Jaipur,Tier 2
HCP00298,Ayush Batra,Male,43,19,Neurology,Private,Hospital Attached,Low,West,Maharashtra,Pune,Tier 1
HCP00299,Daksh Memon,Male,54,28,Pulmonology,Government,Hospital Attached,High,South,Telangana,Warangal,Tier 2
HCP00300,Kavya Sankar,Male,63,38,Endocrinology,Medical College,Group Practice,Medium,West,Maharashtra,Nagpur,Tier 2
HCP00301,Yash Wali,Female,48,22,Neurology,Government,Hospital Attached,Medium,West,Gujarat,Ahmedabad,Tier 1
HCP00302,Pranit Garde,Male,39,12,Dermatology,Private,Solo Practice,High,West,Maharashtra,Nagpur,Tier 2
HCP00303,Farhan Raja,Female,59,34,Oncology,Clinic,Solo Practice,Low,Central,Madhya Pradesh,Indore,Tier 2
HCP00304,Widisha Dhar,Male,49,23,Pediatrics,Medical College,Solo Practice,High,West,Gujarat,Ahmedabad,Tier 1
HCP00305,Triya Kumar,Female,45,20,Gastroenterology,Clinic,Solo Practice,High,North,Punjab,Ludhiana,Tier 2
HCP00306,Aadhya Andra,Female,39,15,Pulmonology,Clinic,Hospital Attached,Medium,North,Haryana,Gurugram,Tier 1
HCP00307,Bhavna Dugar,Male,39,11,Dermatology,Medical College,Group Practice,Medium,West,Maharashtra,Nagpur,Tier 2
HCP00308,Riya Pai,Male,53,24,General Medicine,Private,Group Practice,Medium,East,West Bengal,Kolkata,Tier 1
HCP00309,Panini Krishna,Male,28,2,Endocrinology,Medical College,Group Practice,High,North,Delhi,Dwarka,Tier 1
HCP00310,Chasmum Issac,Female,65,36,Orthopedics,Clinic,Hospital Attached,Medium,Central,Chhattisgarh,Raipur,Tier 2
HCP00311,Vasudha Chhabra,Male,31,2,General Medicine,Clinic,Solo Practice,Medium,East,West Bengal,Kolkata,Tier 1
HCP00312,Lakshmi Parmer,Female,35,6,Oncology,Clinic,Group Practice,Medium,South,Kerala,Kochi,Tier 2
HCP00313,Chakrika Bains,Male,36,9,General Medicine,Clinic,Group Practice,High,East,Jharkhand,Ranchi,Tier 2
HCP00314,Anvi Anand,Female,62,32,Neurology,Private,Solo Practice,Medium,West,Goa,Margao,Tier 3
HCP00315,Watika Mangat,Male,61,34,Orthopedics,Clinic,Solo Practice,High,West,Gujarat,Surat,Tier 2
HCP00316,Indira Kanda,Male,31,1,Orthopedics,Private,Hospital Attached,Medium,South,Telangana,Warangal,Tier 2
HCP00317,Zashil Devan,Male,48,18,Orthopedics,Government,Hospital Attached,Low,North,Punjab,Ludhiana,Tier 2
HCP00318,Balveer More,Female,33,5,Pediatrics,Government,Group Practice,Low,Central,Madhya Pradesh,Indore,Tier 2
HCP00319,Bahadurjit Patla,Female,57,29,General Medicine,Medical College,Hospital Attached,High,Central,Chhattisgarh,Raipur,Tier 2
HCP00320,Gautam Merchant,Male,53,27,Gastroenterology,Private,Hospital Attached,Low,North,Haryana,Gurugram,Tier 1
HCP00321,Ojasvi Gill,Female,50,21,General Medicine,Government,Solo Practice,High,East,Jharkhand,Ranchi,Tier 2
HCP00322,Kevin Zacharia,Female,30,4,Endocrinology,Private,Hospital Attached,High,South,Telangana,Hyderabad,Tier 1
HCP00323,Yachana Mahajan,Female,51,24,Pediatrics,Medical College,Group Practice,Low,Central,Chhattisgarh,Bilaspur,Tier 3
HCP00324,Aarini Subramaniam,Male,50,26,General Medicine,Medical College,Hospital Attached,Low,South,Telangana,Hyderabad,Tier 1
HCP00325,Hamsini Contractor,Male,28,1,General Medicine,Clinic,Group Practice,Medium,Central,Madhya Pradesh,Indore,Tier 2
HCP00326,Faqid Dhaliwal,Female,62,35,Gastroenterology,Private,Group Practice,Medium,North,Uttar Pradesh,Noida,Tier 1
HCP00327,Mekhala Pau,Female,40,11,Pulmonology,Government,Hospital Attached,Medium,South,Karnataka,Mysuru,Tier 2
HCP00328,Megha Atwal,Male,43,18,General Medicine,Government,Group Practice,Medium,West,Gujarat,Ahmedabad,Tier 1
HCP00329,Jatin Sha,Male,43,14,General Medicine,Medical College,Solo Practice,Medium,South,Tamil Nadu,Chennai,Tier 1
HCP00330,Adweta Raj,Male,36,8,Nephrology,Private,Hospital Attached,Medium,West,Gujarat,Ahmedabad,Tier 1
HCP00331,Hritik Kaur,Female,43,17,Dermatology,Private,Group Practice,Medium,Central,Madhya Pradesh,Bhopal,Tier 2
HCP00332,Aryan Narang,Male,63,35,Dermatology,Private,Hospital Attached,Medium,West,Goa,Margao,Tier 3
HCP00333,Dev Shetty,Female,31,5,Oncology,Medical College,Hospital Attached,Medium,West,Maharashtra,Pune,Tier 1
HCP00334,Nilima Dada,Female,54,29,Cardiology,Private,Hospital Attached,Medium,North,Uttar Pradesh,Lucknow,Tier 1
HCP00335,Chakradev Barad,Male,47,17,Pulmonology,Medical College,Solo Practice,Medium,East,West Bengal,Siliguri,Tier 2
HCP00336,Waida D’Alia,Female,63,35,General Medicine,Private,Group Practice,Low,North,Punjab,Ludhiana,Tier 2
HCP00337,Wahab Yogi,Male,56,26,Endocrinology,Private,Solo Practice,Medium,West,Goa,Margao,Tier 3
HCP00338,Lipika Setty,Male,32,7,Gastroenterology,Private,Group Practice,Low,South,Karnataka,Mysuru,Tier 2
HCP00339,Oni Dubey,Female,47,23,Cardiology,Private,Hospital Attached,Low,West,Maharashtra,Nagpur,Tier 2
HCP00340,Hardik Suri,Female,43,14,Orthopedics,Private,Group Practice,High,West,Maharashtra,Pune,Tier 1
HCP00341,Ati Bali,Female,46,19,Pediatrics,Clinic,Group Practice,Medium,West,Goa,Margao,Tier 3
HCP00342,Teerth Sawhney,Female,57,33,Gastroenterology,Medical College,Group Practice,High,West,Goa,Margao,Tier 3
HCP00343,Warinder Patil,Female,48,21,General Medicine,Private,Hospital Attached,Low,South,Telangana,Hyderabad,Tier 1
HCP00344,Jhalak Parmer,Female,63,35,Orthopedics,Medical College,Group Practice,Low,West,Rajasthan,Jaipur,Tier 2
HCP00345,Mitali Majumdar,Female,42,15,Orthopedics,Private,Group Practice,Medium,Central,Chhattisgarh,Raipur,Tier 2
HCP00346,Jason Sha,Female,44,14,Gastroenterology,Medical College,Group Practice,Low,South,Tamil Nadu,Coimbatore,Tier 2
HCP00347,Simon Bail,Female,38,13,Pulmonology,Medical College,Solo Practice,High,North,Punjab,Ludhiana,Tier 2
HCP00348,Gauri Kohli,Male,61,37,Gastroenterology,Government,Hospital Attached,Low,North,Haryana,Gurugram,Tier 1
HCP00349,Samesh Biswas,Male,54,29,Dermatology,Private,Solo Practice,High,Central,Madhya Pradesh,Bhopal,Tier 2
HCP00350,Tarak Kaul,Male,41,13,Pediatrics,Government,Hospital Attached,Medium,East,Assam,Guwahati,Tier 2
HCP00351,Manbir Agate,Female,59,35,General Medicine,Medical College,Solo Practice,Low,Central,Madhya Pradesh,Bhopal,Tier 2
HCP00352,Maanav De,Female,62,36,General Medicine,Medical College,Solo Practice,Low,South,Tamil Nadu,Chennai,Tier 1
HCP00353,Owen Choudhary,Male,61,36,Cardiology,Clinic,Group Practice,Medium,North,Punjab,Ludhiana,Tier 2
HCP00354,Karan Aurora,Female,33,7,Psychiatry,Medical College,Hospital Attached,Low,West,Maharashtra,Nagpur,Tier 2
HCP00355,Wazir Naik,Male,47,18,Gastroenterology,Government,Hospital Attached,High,North,Haryana,Gurugram,Tier 1
HCP00356,Owen Lanka,Male,33,6,Endocrinology,Medical College,Solo Practice,Medium,East,Odisha,Bhubaneswar,Tier 2
HCP00357,Jonathan Sama,Male,33,6,Dermatology,Clinic,Hospital Attached,High,North,Uttar Pradesh,Lucknow,Tier 1
HCP00358,Devansh Soni,Male,61,37,Cardiology,Medical College,Group Practice,Low,North,Delhi,New Delhi,Tier 1
HCP00359,Janaki Varghese,Male,45,17,Orthopedics,Government,Solo Practice,High,East,West Bengal,Siliguri,Tier 2
HCP00360,Siya Thakur,Female,29,4,Orthopedics,Medical College,Solo Practice,Medium,South,Karnataka,Bengaluru,Tier 1
HCP00361,Caleb Verma,Male,64,34,Dermatology,Clinic,Group Practice,High,East,West Bengal,Kolkata,Tier 1
HCP00362,Tara Balasubramanian,Male,33,5,Pulmonology,Clinic,Solo Practice,Low,South,Tamil Nadu,Chennai,Tier 1
HCP00363,Varenya Ratti,Male,32,6,Orthopedics,Medical College,Group Practice,Low,North,Chandigarh,Chandigarh,Tier 2
HCP00364,Hritik Swaminathan,Female,56,29,Cardiology,Medical College,Group Practice,Low,West,Maharashtra,Mumbai,Tier 1
HCP00365,Ethan Buch,Female,33,3,Neurology,Private,Hospital Attached,Low,West,Gujarat,Ahmedabad,Tier 1
HCP00366,Manbir Bhatti,Female,37,10,Pulmonology,Private,Hospital Attached,Medium,North,Punjab,Ludhiana,Tier 2
HCP00367,Anvi Nair,Female,34,10,General Medicine,Clinic,Group Practice,Medium,South,Karnataka,Mysuru,Tier 2
HCP00368,Chaitaly Setty,Female,34,9,General Medicine,Medical College,Group Practice,Medium,West,Rajasthan,Jaipur,Tier 2
HCP00369,Hardik Contractor,Female,34,10,General Medicine,Government,Hospital Attached,Medium,South,Tamil Nadu,Coimbatore,Tier 2
HCP00370,Qushi Seth,Female,52,28,Cardiology,Medical College,Solo Practice,High,South,Karnataka,Bengaluru,Tier 1
HCP00371,Odika Nori,Male,64,36,General Medicine,Medical College,Solo Practice,Low,East,Bihar,Patna,Tier 2
HCP00372,Mohini Sagar,Female,45,18,General Medicine,Private,Group Practice,Medium,East,West Bengal,Kolkata,Tier 1
HCP00373,Dhriti Sane,Female,58,28,General Medicine,Clinic,Solo Practice,High,North,Chandigarh,Chandigarh,Tier 2
HCP00374,Aadhya Prasad,Female,66,38,General Medicine,Government,Solo Practice,Medium,East,Assam,Guwahati,Tier 2
HCP00375,Urvi Bhavsar,Female,49,19,Neurology,Clinic,Group Practice,Medium,North,Chandigarh,Chandigarh,Tier 2
HCP00376,Frederick Chander,Male,47,21,Orthopedics,Private,Group Practice,Medium,Central,Chhattisgarh,Bilaspur,Tier 3
HCP00377,Gopal Pradhan,Female,48,22,Pulmonology,Medical College,Hospital Attached,High,North,Delhi,Dwarka,Tier 1
HCP00378,Darpan Narayan,Female,52,26,Gastroenterology,Medical College,Group Practice,Low,North,Punjab,Amritsar,Tier 2
HCP00379,Nirja Pandya,Male,65,37,General Medicine,Government,Hospital Attached,Medium,North,Chandigarh,Chandigarh,Tier 2
HCP00380,Charan Mani,Male,56,26,Cardiology,Government,Group Practice,Medium,North,Delhi,Dwarka,Tier 1
HCP00381,Indira Chawla,Male,68,42,Cardiology,Private,Hospital Attached,Medium,West,Maharashtra,Pune,Tier 1
HCP00382,Mohammed Subramaniam,Female,32,5,Nephrology,Medical College,Hospital Attached,Medium,South,Tamil Nadu,Chennai,Tier 1
HCP00383,Hritik Palla,Female,62,38,Gastroenterology,Clinic,Hospital Attached,High,South,Telangana,Hyderabad,Tier 1
HCP00384,Ishwar Mallick,Male,34,4,Cardiology,Clinic,Solo Practice,Medium,West,Goa,Margao,Tier 3
HCP00385,Pushti Bal,Male,64,35,Neurology,Medical College,Group Practice,High,East,Bihar,Patna,Tier 2
HCP00386,Ayush Gole,Female,34,10,General Medicine,Private,Hospital Attached,High,West,Maharashtra,Mumbai,Tier 1
HCP00387,Dayamai Nori,Male,56,30,Endocrinology,Private,Group Practice,High,West,Maharashtra,Mumbai,Tier 1
HCP00388,Abeer Golla,Female,34,8,Endocrinology,Government,Solo Practice,High,West,Rajasthan,Jaipur,Tier 2
HCP00389,Nandini Boase,Male,50,24,Endocrinology,Private,Hospital Attached,Medium,East,Bihar,Patna,Tier 2
HCP00390,Azaan Chand,Female,34,7,Pulmonology,Medical College,Group Practice,Low,Central,Chhattisgarh,Bilaspur,Tier 3
HCP00391,Krisha Saini,Male,35,11,Dermatology,Government,Hospital Attached,High,East,Assam,Guwahati,Tier 2
HCP00392,Harita Dugar,Male,61,36,Orthopedics,Clinic,Hospital Attached,Medium,West,Rajasthan,Jaipur,Tier 2
HCP00393,Devika Nair,Female,42,12,Endocrinology,Private,Solo Practice,Medium,West,Maharashtra,Mumbai,Tier 1
HCP00394,Charles Dugal,Female,53,29,Pulmonology,Private,Group Practice,Medium,South,Kerala,Kochi,Tier 2
HCP00395,Chandran Bumb,Female,28,1,Cardiology,Clinic,Hospital Attached,High,East,West Bengal,Kolkata,Tier 1
HCP00396,Saanvi Samra,Male,64,40,Gastroenterology,Private,Group Practice,Medium,West,Goa,Margao,Tier 3
HCP00397,Riya Sachdeva,Female,35,9,Neurology,Medical College,Hospital Attached,High,North,Punjab,Amritsar,Tier 2
HCP00398,Tanveer Vala,Female,66,39,Neurology,Government,Group Practice,Medium,North,Chandigarh,Chandigarh,Tier 2
HCP00399,Hemani Sani,Female,67,42,Gastroenterology,Clinic,Hospital Attached,Medium,West,Maharashtra,Nagpur,Tier 2
HCP00400,Bhanumati Sur,Male,48,24,Cardiology,Government,Solo Practice,Medium,Central,Chhattisgarh,Bilaspur,Tier 3
HCP00401,Chakradev Kannan,Male,60,33,Endocrinology,Private,Hospital Attached,Medium,East,West Bengal,Siliguri,Tier 2
HCP00402,Christopher Amble,Male,59,30,Orthopedics,Private,Hospital Attached,Low,West,Goa,Panaji,Tier 2
HCP00403,Charvi Kakar,Female,36,11,Cardiology,Medical College,Hospital Attached,Low,East,West Bengal,Siliguri,Tier 2
HCP00404,Aadhya Mann,Female,28,1,General Medicine,Medical College,Hospital Attached,Medium,East,Odisha,Bhubaneswar,Tier 2
HCP00405,Jagdish Amble,Female,54,25,Pediatrics,Medical College,Group Practice,Low,South,Tamil Nadu,Coimbatore,Tier 2
HCP00406,Qushi Gill,Male,42,16,General Medicine,Private,Hospital Attached,Medium,East,Jharkhand,Ranchi,Tier 2
HCP00407,Lajita Walia,Female,64,35,Gastroenterology,Medical College,Hospital Attached,Medium,North,Punjab,Amritsar,Tier 2
HCP00408,Xiti Pandya,Male,45,15,Orthopedics,Clinic,Hospital Attached,High,East,West Bengal,Kolkata,Tier 1
HCP00409,Mekhala Basak,Male,56,28,Cardiology,Medical College,Solo Practice,High,South,Andhra Pradesh,Visakhapatnam,Tier 2
HCP00410,Anirudh Sharaf,Male,47,17,Nephrology,Medical College,Group Practice,Medium,Central,Madhya Pradesh,Indore,Tier 2
HCP00411,Dhriti Sanghvi,Male,56,26,Nephrology,Private,Solo Practice,High,West,Maharashtra,Mumbai,Tier 1
HCP00412,Omisha Mann,Female,67,38,Pediatrics,Private,Solo Practice,High,South,Telangana,Warangal,Tier 2
HCP00413,Nidhi Bail,Male,64,38,Orthopedics,Private,Group Practice,High,East,Odisha,Bhubaneswar,Tier 2
HCP00414,Onveer Sharma,Female,46,18,Cardiology,Government,Solo Practice,High,North,Uttar Pradesh,Noida,Tier 1
HCP00415,Gaurang Sarkar,Female,31,5,Dermatology,Private,Hospital Attached,High,West,Goa,Panaji,Tier 2
HCP00416,Yagnesh Sarin,Male,37,8,Endocrinology,Private,Hospital Attached,Medium,Central,Chhattisgarh,Raipur,Tier 2
HCP00417,Farhan Randhawa,Male,64,35,Cardiology,Medical College,Group Practice,Medium,South,Tamil Nadu,Coimbatore,Tier 2
HCP00418,Harinakshi Kant,Male,53,25,Pulmonology,Clinic,Group Practice,High,West,Maharashtra,Mumbai,Tier 1
HCP00419,Om Bose,Female,65,41,Dermatology,Government,Hospital Attached,High,East,Bihar,Patna,Tier 2
HCP00420,Yashvi Hari,Female,32,2,Orthopedics,Private,Group Practice,High,South,Tamil Nadu,Chennai,Tier 1
HCP00421,Indali Divan,Female,45,19,Gastroenterology,Clinic,Hospital Attached,Medium,Central,Chhattisgarh,Bilaspur,Tier 3
HCP00422,Harshil Dhingra,Female,49,20,Pulmonology,Government,Solo Practice,Medium,West,Gujarat,Ahmedabad,Tier 1
HCP00423,Rudra Ghose,Female,29,5,Oncology,Private,Group Practice,Medium,North,Uttar Pradesh,Lucknow,Tier 1
HCP00424,Faqid Goel,Female,40,11,Oncology,Clinic,Solo Practice,High,South,Tamil Nadu,Chennai,Tier 1
HCP00425,Ucchal Sen,Female,33,4,Endocrinology,Government,Group Practice,Medium,South,Karnataka,Bengaluru,Tier 1
HCP00426,Diya Dora,Male,31,4,Neurology,Private,Group Practice,Medium,Central,Madhya Pradesh,Bhopal,Tier 2
HCP00427,Ekansh Singh,Male,28,3,Pediatrics,Private,Hospital Attached,Low,East,Assam,Guwahati,Tier 2
HCP00428,Chavvi Maharaj,Female,28,4,Pulmonology,Government,Group Practice,Medium,West,Gujarat,Ahmedabad,Tier 1
HCP00429,Indira Tripathi,Female,32,7,Endocrinology,Government,Solo Practice,Medium,East,Jharkhand,Ranchi,Tier 2
HCP00430,Dayita Shenoy,Female,36,9,Gastroenterology,Private,Hospital Attached,High,North,Uttar Pradesh,Noida,Tier 1
HCP00431,Baljiwan Bhandari,Male,32,4,Orthopedics,Private,Group Practice,Medium,West,Maharashtra,Mumbai,Tier 1
HCP00432,Bhavini Bose,Male,68,39,General Medicine,Medical College,Hospital Attached,Medium,East,West Bengal,Kolkata,Tier 1
HCP00433,Yashica Rajagopalan,Male,33,9,General Medicine,Government,Hospital Attached,High,North,Delhi,Dwarka,Tier 1
HCP00434,Benjamin Sengupta,Female,55,29,Gastroenterology,Private,Group Practice,Medium,East,West Bengal,Kolkata,Tier 1
HCP00435,Ekanta Soni,Male,63,35,Orthopedics,Clinic,Hospital Attached,Low,West,Goa,Panaji,Tier 2
HCP00436,David Seshadri,Female,41,13,Orthopedics,Private,Hospital Attached,Medium,South,Andhra Pradesh,Visakhapatnam,Tier 2
HCP00437,Hemal Chad,Male,43,16,Endocrinology,Private,Group Practice,Medium,North,Uttar Pradesh,Lucknow,Tier 1
HCP00438,Balveer Kota,Male,61,37,Nephrology,Clinic,Solo Practice,Medium,East,Assam,Guwahati,Tier 2
HCP00439,Reva Viswanathan,Female,51,23,Neurology,Medical College,Solo Practice,Low,South,Kerala,Kochi,Tier 2
HCP00440,Januja Pradhan,Male,28,2,Cardiology,Government,Group Practice,Medium,West,Maharashtra,Nagpur,Tier 2
HCP00441,Lila Rege,Female,55,26,Endocrinology,Private,Group Practice,Low,East,Odisha,Bhubaneswar,Tier 2
HCP00442,Charles Natt,Male,60,35,Psychiatry,Private,Hospital Attached,Medium,West,Maharashtra,Nagpur,Tier 2
HCP00443,Forum Chandra,Male,47,18,Pediatrics,Private,Solo Practice,Low,North,Uttar Pradesh,Noida,Tier 1
HCP00444,Bhanumati Krishnan,Female,35,8,Neurology,Government,Group Practice,Medium,North,Punjab,Amritsar,Tier 2
HCP00445,Gauri Bumb,Male,35,11,Pulmonology,Government,Solo Practice,Medium,North,Delhi,New Delhi,Tier 1
HCP00446,Inaya Mukherjee,Female,61,33,Gastroenterology,Clinic,Solo Practice,Medium,North,Chandigarh,Chandigarh,Tier 2
HCP00447,Kai Chad,Female,35,5,Dermatology,Clinic,Group Practice,Medium,North,Delhi,New Delhi,Tier 1
HCP00448,Krisha Narasimhan,Male,44,15,Psychiatry,Government,Group Practice,Medium,East,Odisha,Bhubaneswar,Tier 2
HCP00449,Girik Sampath,Female,31,4,Dermatology,Private,Group Practice,Low,South,Telangana,Hyderabad,Tier 1
HCP00450,Andrew Patil,Male,64,35,Pulmonology,Private,Hospital Attached,Medium,East,Assam,Guwahati,Tier 2
HCP00451,Pranit Kala,Male,28,3,General Medicine,Clinic,Group Practice,High,North,Haryana,Gurugram,Tier 1
HCP00452,Vedika Handa,Male,30,2,Gastroenterology,Medical College,Solo Practice,Medium,West,Maharashtra,Pune,Tier 1
HCP00453,Laksh Dubey,Female,48,22,Gastroenterology,Clinic,Solo Practice,Medium,West,Maharashtra,Nagpur,Tier 2
HCP00454,Chakrika Chaudhuri,Male,39,14,Gastroenterology,Government,Group Practice,Low,West,Gujarat,Ahmedabad,Tier 1
HCP00455,Gayathri Deep,Female,46,16,Dermatology,Clinic,Solo Practice,Medium,North,Delhi,Dwarka,Tier 1
HCP00456,Mitesh Gaba,Male,51,26,Cardiology,Clinic,Hospital Attached,Medium,South,Andhra Pradesh,Visakhapatnam,Tier 2
HCP00457,Noah Sarma,Female,51,23,Psychiatry,Private,Hospital Attached,High,South,Telangana,Hyderabad,Tier 1
HCP00458,Nirja Patla,Male,37,13,Oncology,Government,Solo Practice,Medium,Central,Chhattisgarh,Raipur,Tier 2
HCP00459,Sachi Mane,Male,49,25,Pulmonology,Medical College,Hospital Attached,High,West,Maharashtra,Pune,Tier 1
HCP00460,Vivaan Walla,Male,41,13,Nephrology,Medical College,Group Practice,High,Central,Chhattisgarh,Raipur,Tier 2
HCP00461,Dayamai Singh,Male,45,21,General Medicine,Private,Hospital Attached,Medium,South,Telangana,Warangal,Tier 2
HCP00462,Jhalak Sastry,Female,57,28,General Medicine,Government,Hospital Attached,Low,South,Karnataka,Bengaluru,Tier 1
HCP00463,Baghyawati Raja,Female,32,4,Orthopedics,Medical College,Hospital Attached,High,South,Karnataka,Bengaluru,Tier 1
HCP00464,Neel Iyengar,Male,46,20,Dermatology,Medical College,Hospital Attached,High,North,Punjab,Amritsar,Tier 2
HCP00465,Zashil Ben,Female,48,21,Cardiology,Government,Solo Practice,Low,South,Karnataka,Bengaluru,Tier 1
HCP00466,Kamya Chauhan,Male,37,13,General Medicine,Medical College,Group Practice,Medium,South,Telangana,Hyderabad,Tier 1
HCP00467,Bhavani Chacko,Female,41,14,Cardiology,Clinic,Solo Practice,Low,Central,Madhya Pradesh,Bhopal,Tier 2
HCP00468,Anjali Sengupta,Female,66,42,Cardiology,Clinic,Solo Practice,Low,West,Rajasthan,Jaipur,Tier 2
HCP00469,Rajeshri Chand,Male,50,23,Pediatrics,Clinic,Group Practice,High,North,Uttar Pradesh,Lucknow,Tier 1
HCP00470,Shravya Palla,Male,29,2,Dermatology,Private,Solo Practice,Medium,West,Rajasthan,Jaipur,Tier 2
HCP00471,Oeshi Bera,Male,35,11,General Medicine,Private,Solo Practice,Low,East,Jharkhand,Ranchi,Tier 2
HCP00472,Yadavi Prakash,Female,51,22,Neurology,Government,Hospital Attached,Medium,Central,Madhya Pradesh,Bhopal,Tier 2
HCP00473,Libni Bumb,Male,29,5,General Medicine,Medical College,Solo Practice,Low,West,Maharashtra,Nagpur,Tier 2
HCP00474,Udarsh Bala,Female,35,11,Oncology,Government,Solo Practice,High,West,Maharashtra,Nagpur,Tier 2
HCP00475,Hardik Nayak,Female,53,26,General Medicine,Medical College,Solo Practice,Medium,North,Punjab,Amritsar,Tier 2
HCP00476,Laksh Barad,Male,45,19,Pediatrics,Private,Solo Practice,Medium,Central,Chhattisgarh,Raipur,Tier 2
HCP00477,Urmi Dewan,Male,46,19,Endocrinology,Medical College,Solo Practice,Low,North,Haryana,Gurugram,Tier 1
HCP00478,Saumya Ahluwalia,Female,36,9,General Medicine,Private,Hospital Attached,High,South,Andhra Pradesh,Visakhapatnam,Tier 2
HCP00479,Anirudh Kunda,Male,52,22,Pulmonology,Medical College,Hospital Attached,High,West,Gujarat,Ahmedabad,Tier 1
HCP00480,Mason Wable,Female,64,36,Endocrinology,Clinic,Solo Practice,Low,West,Maharashtra,Nagpur,Tier 2
HCP00481,Indrajit Mani,Male,29,1,Gastroenterology,Government,Group Practice,Medium,South,Kerala,Kochi,Tier 2
HCP00482,Charvi Dara,Male,38,14,Cardiology,Private,Group Practice,Medium,East,West Bengal,Kolkata,Tier 1
HCP00483,William Saini,Male,42,14,Dermatology,Medical College,Group Practice,High,East,Bihar,Patna,Tier 2
HCP00484,Dev Choudhry,Male,39,14,Orthopedics,Clinic,Hospital Attached,Low,East,Odisha,Bhubaneswar,Tier 2
HCP00485,Amol Varma,Female,64,36,General Medicine,Private,Group Practice,Medium,South,Telangana,Hyderabad,Tier 1
HCP00486,Maanas Manne,Male,59,35,General Medicine,Private,Hospital Attached,Low,North,Uttar Pradesh,Noida,Tier 1
HCP00487,Aarav Pandit,Female,28,2,Oncology,Private,Solo Practice,Medium,North,Delhi,New Delhi,Tier 1
HCP00488,Omaja Grover,Male,48,24,General Medicine,Private,Solo Practice,High,East,Bihar,Patna,Tier 2
HCP00489,Jalsa Bir,Female,32,6,Pulmonology,Medical College,Hospital Attached,Low,East,West Bengal,Kolkata,Tier 1
HCP00490,Madhavi Singhal,Female,48,23,Psychiatry,Medical College,Hospital Attached,High,West,Gujarat,Surat,Tier 2
HCP00491,Lila Prakash,Female,39,10,Psychiatry,Clinic,Solo Practice,Medium,South,Karnataka,Mysuru,Tier 2
HCP00492,Amol Parikh,Male,52,26,Pulmonology,Clinic,Solo Practice,Low,North,Chandigarh,Chandigarh,Tier 2
HCP00493,Hemani Khosla,Male,64,37,Dermatology,Government,Solo Practice,Medium,North,Punjab,Ludhiana,Tier 2
HCP00494,Gaurangi Deol,Male,68,40,General Medicine,Medical College,Solo Practice,Medium,East,Jharkhand,Ranchi,Tier 2
HCP00495,Indira Nigam,Male,43,17,Nephrology,Private,Hospital Attached,High,East,West Bengal,Kolkata,Tier 1
HCP00496,Ucchal Srinivas,Male,68,39,Dermatology,Medical College,Solo Practice,Medium,North,Delhi,Dwarka,Tier 1
HCP00497,Krishna Bhatnagar,Male,32,6,Cardiology,Government,Hospital Attached,Low,West,Goa,Panaji,Tier 2
HCP00498,Balhaar Memon,Female,56,27,Endocrinology,Private,Group Practice,Medium,West,Rajasthan,Jaipur,Tier 2
HCP00499,Caleb Iyengar,Female,50,22,Endocrinology,Medical College,Hospital Attached,Medium,South,Telangana,Hyderabad,Tier 1
HCP00500,Diya Mukherjee,Male,38,11,General Medicine,Government,Group Practice,Low,North,Uttar Pradesh,Noida,Tier 1
HCP00501,Urvashi Kulkarni,Female,34,10,Endocrinology,Medical College,Solo Practice,High,West,Gujarat,Ahmedabad,Tier 1
HCP00502,Rayaan Mangal,Male,49,21,Nephrology,Medical College,Hospital Attached,Low,South,Tamil Nadu,Coimbatore,Tier 2
HCP00503,Champak Narula,Male,66,39,General Medicine,Government,Group Practice,Low,North,Delhi,New Delhi,Tier 1
HCP00504,Jeet Pillai,Male,54,25,Orthopedics,Clinic,Hospital Attached,Medium,North,Punjab,Amritsar,Tier 2
HCP00505,Mugdha Sarraf,Male,34,10,Endocrinology,Medical College,Solo Practice,Low,East,Jharkhand,Ranchi,Tier 2
HCP00506,Harinakshi Grover,Male,55,31,Cardiology,Medical College,Solo Practice,Low,North,Haryana,Gurugram,Tier 1
HCP00507,Widisha Pillai,Male,38,9,Cardiology,Government,Group Practice,High,South,Tamil Nadu,Coimbatore,Tier 2
HCP00508,Fitan Samra,Female,53,26,Pediatrics,Clinic,Solo Practice,Medium,West,Goa,Margao,Tier 3
HCP00509,Qushi Gole,Female,39,13,Dermatology,Clinic,Solo Practice,Medium,South,Karnataka,Bengaluru,Tier 1
HCP00510,Ekani Chauhan,Female,56,29,Cardiology,Clinic,Hospital Attached,Low,West,Gujarat,Ahmedabad,Tier 1
HCP00511,Falak Merchant,Male,33,4,Endocrinology,Medical College,Hospital Attached,Low,South,Telangana,Hyderabad,Tier 1
HCP00512,Sanaya Sandhu,Male,52,22,Orthopedics,Medical College,Hospital Attached,High,West,Rajasthan,Jaipur,Tier 2
HCP00513,Sachi Panchal,Female,47,23,Endocrinology,Government,Hospital Attached,Medium,South,Telangana,Warangal,Tier 2
HCP00514,Brijesh Pandit,Male,35,5,Pediatrics,Private,Solo Practice,High,South,Telangana,Warangal,Tier 2
HCP00515,Anvi Bhandari,Male,30,3,General Medicine,Medical College,Solo Practice,High,Central,Madhya Pradesh,Bhopal,Tier 2
HCP00516,Nidra Patla,Male,66,40,Cardiology,Government,Solo Practice,Medium,East,Bihar,Patna,Tier 2
HCP00517,Azaan Dhar,Female,63,37,Dermatology,Medical College,Solo Practice,High,West,Maharashtra,Mumbai,Tier 1
HCP00518,Bakhshi Date,Female,35,8,General Medicine,Government,Solo Practice,Medium,West,Rajasthan,Jaipur,Tier 2
HCP00519,Warinder Peri,Male,46,16,Orthopedics,Clinic,Group Practice,Medium,South,Tamil Nadu,Chennai,Tier 1
HCP00520,Leela Bali,Female,64,36,Pediatrics,Private,Group Practice,Medium,South,Tamil Nadu,Coimbatore,Tier 2
HCP00521,Shivani Prabhakar,Female,30,3,Dermatology,Clinic,Hospital Attached,Low,Central,Madhya Pradesh,Bhopal,Tier 2
HCP00522,Sachi Bose,Female,45,19,General Medicine,Clinic,Group Practice,Medium,South,Tamil Nadu,Chennai,Tier 1
HCP00523,Jeevika Rao,Female,34,4,Cardiology,Clinic,Hospital Attached,Medium,West,Goa,Margao,Tier 3
HCP00524,Arya Krish,Female,45,16,Endocrinology,Government,Solo Practice,Medium,East,West Bengal,Kolkata,Tier 1
HCP00525,Atharv Grewal,Female,59,29,Pediatrics,Clinic,Solo Practice,Medium,South,Tamil Nadu,Coimbatore,Tier 2
HCP00526,Zarna Ram,Male,32,6,Pulmonology,Medical College,Solo Practice,High,Central,Madhya Pradesh,Indore,Tier 2
HCP00527,Adweta Lad,Male,39,14,Dermatology,Private,Solo Practice,Low,North,Delhi,New Delhi,Tier 1
HCP00528,Tanish Mangal,Female,31,5,Pulmonology,Clinic,Group Practice,High,South,Telangana,Hyderabad,Tier 1
HCP00529,Ryan Das,Female,68,44,Neurology,Private,Group Practice,Medium,South,Karnataka,Bengaluru,Tier 1
HCP00530,Ethan Seth,Female,39,9,Pediatrics,Clinic,Group Practice,Low,South,Tamil Nadu,Chennai,Tier 1
HCP00531,Sai Chahal,Female,33,7,General Medicine,Government,Solo Practice,High,South,Kerala,Kochi,Tier 2
HCP00532,Idika Bhattacharyya,Male,42,13,Cardiology,Private,Group Practice,Medium,Central,Chhattisgarh,Raipur,Tier 2
HCP00533,Charita Dugar,Male,28,1,Oncology,Private,Hospital Attached,High,South,Andhra Pradesh,Visakhapatnam,Tier 2
HCP00534,Janaki Trivedi,Male,44,16,Gastroenterology,Clinic,Hospital Attached,High,North,Delhi,New Delhi,Tier 1
HCP00535,Jairaj Iyer,Female,55,28,Dermatology,Medical College,Group Practice,Low,Central,Chhattisgarh,Raipur,Tier 2
HCP00536,Warjas Tak,Female,61,31,Neurology,Government,Solo Practice,Medium,East,Assam,Guwahati,Tier 2
HCP00537,Jalsa Pillay,Female,63,34,Orthopedics,Clinic,Group Practice,Medium,South,Andhra Pradesh,Visakhapatnam,Tier 2
HCP00538,Kai Chadha,Female,32,6,Nephrology,Clinic,Group Practice,Medium,North,Haryana,Gurugram,Tier 1
HCP00539,Dayamai Rao,Female,40,15,Pediatrics,Private,Solo Practice,High,South,Kerala,Kochi,Tier 2
HCP00540,Nirja Rout,Female,48,19,General Medicine,Government,Hospital Attached,Medium,South,Andhra Pradesh,Visakhapatnam,Tier 2
HCP00541,Jeremiah Nadig,Female,44,17,Endocrinology,Government,Hospital Attached,High,North,Uttar Pradesh,Noida,Tier 1
HCP00542,Shivani Shukla,Male,49,20,Pulmonology,Medical College,Hospital Attached,Medium,East,Jharkhand,Ranchi,Tier 2
HCP00543,Kabir Gopal,Female,38,8,Neurology,Private,Group Practice,Low,North,Delhi,Dwarka,Tier 1
HCP00544,Rachita Thakkar,Male,44,15,Gastroenterology,Private,Hospital Attached,High,East,Assam,Guwahati,Tier 2
HCP00545,Jeet Vasa,Male,42,16,Cardiology,Clinic,Group Practice,High,North,Delhi,Dwarka,Tier 1
HCP00546,Daksha Gala,Female,51,25,Orthopedics,Medical College,Solo Practice,Medium,Central,Chhattisgarh,Bilaspur,Tier 3
HCP00547,Ekantika Kar,Male,58,33,Pediatrics,Medical College,Hospital Attached,Medium,East,West Bengal,Siliguri,Tier 2
HCP00548,Zilmil Mander,Male,37,12,Nephrology,Clinic,Group Practice,High,West,Gujarat,Surat,Tier 2
HCP00549,Zashil Hegde,Female,37,11,Dermatology,Private,Solo Practice,Medium,Central,Madhya Pradesh,Bhopal,Tier 2
HCP00550,Jeremiah Mitter,Male,48,19,General Medicine,Medical College,Group Practice,Low,West,Maharashtra,Mumbai,Tier 1
HCP00551,Yadavi Ganguly,Male,64,34,General Medicine,Government,Solo Practice,Medium,West,Goa,Margao,Tier 3
HCP00552,Onveer Nazareth,Female,53,26,Psychiatry,Medical College,Solo Practice,Low,South,Tamil Nadu,Coimbatore,Tier 2
HCP00553,Ayush Bumb,Male,51,27,Dermatology,Private,Solo Practice,Medium,North,Uttar Pradesh,Lucknow,Tier 1
HCP00554,Alka Kade,Male,42,13,Dermatology,Clinic,Solo Practice,Low,West,Goa,Panaji,Tier 2
HCP00555,Azaan Tank,Female,38,14,Gastroenterology,Clinic,Group Practice,Medium,East,Bihar,Patna,Tier 2
HCP00556,Chasmum Subramanian,Female,55,26,Nephrology,Clinic,Group Practice,Medium,West,Goa,Margao,Tier 3
HCP00557,Nidra Mishra,Male,38,8,Endocrinology,Private,Solo Practice,High,South,Telangana,Hyderabad,Tier 1
HCP00558,Elijah Bhasin,Male,41,12,General Medicine,Private,Solo Practice,Medium,Central,Madhya Pradesh,Indore,Tier 2
HCP00559,Ria Sagar,Male,52,23,Cardiology,Government,Hospital Attached,High,North,Delhi,New Delhi,Tier 1
HCP00560,Ucchal Jani,Male,29,5,Neurology,Medical College,Group Practice,Medium,East,Assam,Guwahati,Tier 2
HCP00561,Maanas Munshi,Female,58,29,General Medicine,Government,Group Practice,Medium,East,West Bengal,Kolkata,Tier 1
HCP00562,Hemani Rastogi,Male,61,35,Neurology,Private,Group Practice,High,East,Bihar,Patna,Tier 2
HCP00563,Kamala Varma,Male,60,31,Neurology,Clinic,Solo Practice,High,North,Punjab,Amritsar,Tier 2
HCP00564,Eiravati Khurana,Female,40,12,General Medicine,Clinic,Hospital Attached,High,North,Uttar Pradesh,Lucknow,Tier 1
HCP00565,Jason Loke,Female,54,28,General Medicine,Medical College,Solo Practice,Medium,South,Andhra Pradesh,Visakhapatnam,Tier 2
HCP00566,Yug Dhaliwal,Female,49,24,General Medicine,Government,Solo Practice,High,North,Punjab,Ludhiana,Tier 2
HCP00567,Chandresh Mannan,Female,37,13,Gastroenterology,Government,Hospital Attached,High,East,Bihar,Patna,Tier 2
HCP00568,Omya Kothari,Female,42,15,Nephrology,Clinic,Group Practice,Medium,East,Jharkhand,Ranchi,Tier 2
HCP00569,Falak Munshi,Male,39,9,General Medicine,Clinic,Group Practice,High,South,Andhra Pradesh,Visakhapatnam,Tier 2
HCP00570,Nathaniel Tara,Female,55,26,General Medicine,Government,Solo Practice,High,East,Bihar,Patna,Tier 2
HCP00571,Wishi Morar,Male,49,23,Dermatology,Clinic,Hospital Attached,Low,West,Maharashtra,Pune,Tier 1
HCP00572,Arin Chana,Female,39,15,Endocrinology,Medical College,Group Practice,High,West,Maharashtra,Nagpur,Tier 2
HCP00573,Yashasvi Shankar,Female,54,25,Dermatology,Private,Solo Practice,Low,North,Haryana,Gurugram,Tier 1
HCP00574,Tanveer Pandit,Male,38,14,Endocrinology,Medical College,Hospital Attached,Medium,East,West Bengal,Kolkata,Tier 1
HCP00575,Chandresh Manda,Male,67,40,Gastroenterology,Government,Hospital Attached,High,East,West Bengal,Siliguri,Tier 2
HCP00576,Upma Mangal,Male,58,31,General Medicine,Medical College,Group Practice,Low,South,Andhra Pradesh,Visakhapatnam,Tier 2
HCP00577,Hritik Sankar,Female,48,24,Pulmonology,Private,Hospital Attached,High,South,Tamil Nadu,Coimbatore,Tier 2
HCP00578,Aishani Pau,Male,55,26,Pulmonology,Medical College,Group Practice,Medium,West,Maharashtra,Nagpur,Tier 2
HCP00579,Jasmit Bath,Female,37,7,Gastroenterology,Government,Solo Practice,Medium,North,Haryana,Gurugram,Tier 1
HCP00580,Charan Hayer,Male,60,30,Pediatrics,Medical College,Solo Practice,Low,West,Goa,Panaji,Tier 2
HCP00581,Bhavya Borah,Female,48,23,Endocrinology,Clinic,Solo Practice,Medium,South,Karnataka,Bengaluru,Tier 1
HCP00582,Yamini Seshadri,Female,53,23,Cardiology,Medical College,Group Practice,High,South,Tamil Nadu,Chennai,Tier 1
HCP00583,Jagat Dave,Female,33,3,Pediatrics,Clinic,Solo Practice,High,West,Gujarat,Ahmedabad,Tier 1
HCP00584,Meera Prakash,Male,34,7,Endocrinology,Government,Solo Practice,High,West,Rajasthan,Jaipur,Tier 2
HCP00585,Jasmit Dhawan,Female,60,32,Cardiology,Medical College,Group Practice,Medium,East,West Bengal,Siliguri,Tier 2
HCP00586,Yashodhara Ratti,Male,42,12,Pediatrics,Medical College,Hospital Attached,Medium,West,Gujarat,Ahmedabad,Tier 1
HCP00587,Chakradev Barad,Female,35,11,Pulmonology,Private,Solo Practice,Medium,East,West Bengal,Siliguri,Tier 2
HCP00588,Gauri Som,Female,63,35,Endocrinology,Government,Solo Practice,High,Central,Madhya Pradesh,Indore,Tier 2
HCP00589,Manthan Varma,Female,36,6,Pulmonology,Medical College,Solo Practice,Medium,North,Haryana,Gurugram,Tier 1
HCP00590,Falak Nagar,Male,40,16,Oncology,Medical College,Solo Practice,Medium,North,Uttar Pradesh,Noida,Tier 1
HCP00591,Maya Mistry,Male,49,25,Pulmonology,Government,Hospital Attached,High,Central,Madhya Pradesh,Indore,Tier 2
HCP00592,Yashica Upadhyay,Male,56,29,Neurology,Private,Group Practice,Low,South,Telangana,Hyderabad,Tier 1
HCP00593,Chandani Soman,Male,63,36,Gastroenterology,Medical College,Hospital Attached,High,Central,Chhattisgarh,Raipur,Tier 2
HCP00594,Jyoti Narula,Male,65,40,Pulmonology,Private,Solo Practice,Medium,North,Haryana,Gurugram,Tier 1
HCP00595,Omaja Morar,Female,60,33,Endocrinology,Private,Group Practice,Medium,West,Rajasthan,Jaipur,Tier 2
HCP00596,Urvi Lanka,Female,46,19,Gastroenterology,Private,Group Practice,Medium,North,Punjab,Amritsar,Tier 2
HCP00597,Charan Srinivasan,Female,63,33,Cardiology,Private,Solo Practice,Low,North,Punjab,Amritsar,Tier 2
HCP00598,Lajita Divan,Female,50,21,General Medicine,Private,Hospital Attached,Medium,West,Gujarat,Surat,Tier 2
HCP00599,Azad Choudhary,Female,35,5,Endocrinology,Medical College,Hospital Attached,Medium,South,Andhra Pradesh,Visakhapatnam,Tier 2
HCP00600,Anirudh Sastry,Female,62,36,Dermatology,Medical College,Solo Practice,Medium,West,Goa,Margao,Tier 3
HCP00601,Omya Doshi,Male,52,27,General Medicine,Government,Solo Practice,Medium,South,Tamil Nadu,Chennai,Tier 1
HCP00602,Samar Roy,Male,46,17,Cardiology,Government,Hospital Attached,High,East,Bihar,Patna,Tier 2
HCP00603,David Devi,Male,62,38,Endocrinology,Medical College,Solo Practice,Medium,North,Delhi,New Delhi,Tier 1
HCP00604,Ekta Sridhar,Male,63,36,Cardiology,Clinic,Hospital Attached,Medium,South,Kerala,Kochi,Tier 2
HCP00605,Dipta Ghose,Female,52,25,Psychiatry,Clinic,Hospital Attached,Low,West,Goa,Margao,Tier 3
HCP00606,Hema Pandya,Female,40,12,Dermatology,Medical College,Solo Practice,High,South,Karnataka,Bengaluru,Tier 1
HCP00607,Veda Handa,Female,65,37,Pulmonology,Private,Hospital Attached,High,West,Rajasthan,Jaipur,Tier 2
HCP00608,Arya Misra,Female,56,31,Nephrology,Government,Solo Practice,High,North,Delhi,New Delhi,Tier 1
HCP00609,Chameli Mani,Male,52,28,Pediatrics,Clinic,Solo Practice,Low,South,Tamil Nadu,Chennai,Tier 1
HCP00610,Vrinda Nadig,Female,28,2,Pediatrics,Private,Solo Practice,Low,Central,Chhattisgarh,Raipur,Tier 2
HCP00611,Ikshita Mahal,Female,66,42,Gastroenterology,Clinic,Group Practice,High,West,Maharashtra,Pune,Tier 1
HCP00612,Jairaj Raghavan,Female,32,2,Pulmonology,Private,Solo Practice,Medium,West,Maharashtra,Nagpur,Tier 2
HCP00613,Hemani Dhingra,Male,54,26,Orthopedics,Government,Group Practice,Low,West,Rajasthan,Jaipur,Tier 2
HCP00614,Brijesh Mani,Male,49,23,Endocrinology,Private,Hospital Attached,Medium,West,Goa,Panaji,Tier 2
HCP00615,Hiral Sathe,Male,35,6,Endocrinology,Private,Hospital Attached,Medium,North,Punjab,Ludhiana,Tier 2
HCP00616,Varenya Kala,Male,30,1,Dermatology,Medical College,Solo Practice,Medium,South,Tamil Nadu,Coimbatore,Tier 2
HCP00617,Anika Magar,Female,29,1,Gastroenterology,Clinic,Hospital Attached,High,Central,Madhya Pradesh,Indore,Tier 2
HCP00618,Ikbal Khatri,Female,59,35,Cardiology,Private,Group Practice,Medium,South,Kerala,Kochi,Tier 2
HCP00619,Chandresh Wali,Male,38,8,Orthopedics,Government,Hospital Attached,Low,Central,Madhya Pradesh,Bhopal,Tier 2
HCP00620,Viraj Ben,Male,55,25,General Medicine,Medical College,Hospital Attached,High,South,Telangana,Hyderabad,Tier 1
HCP00621,Odika Narayanan,Male,37,13,Pediatrics,Clinic,Solo Practice,Low,South,Karnataka,Bengaluru,Tier 1
HCP00622,Harish Devan,Male,39,9,Cardiology,Government,Hospital Attached,High,North,Haryana,Gurugram,Tier 1
HCP00623,Nakul Ray,Female,54,27,Pediatrics,Medical College,Group Practice,Medium,East,West Bengal,Siliguri,Tier 2
HCP00624,Vansha Iyengar,Female,35,7,General Medicine,Government,Hospital Attached,Medium,West,Maharashtra,Nagpur,Tier 2
HCP00625,Ekani Mangal,Male,50,22,General Medicine,Clinic,Hospital Attached,Low,North,Chandigarh,Chandigarh,Tier 2
HCP00626,Gaurav Kata,Female,52,25,Gastroenterology,Government,Group Practice,Low,South,Tamil Nadu,Coimbatore,Tier 2
HCP00627,Parth Sahni,Male,36,7,Endocrinology,Clinic,Hospital Attached,Low,Central,Madhya Pradesh,Bhopal,Tier 2
HCP00628,Balhaar Ranganathan,Female,28,1,Dermatology,Private,Solo Practice,Low,East,Bihar,Patna,Tier 2
HCP00629,Quincy Mann,Female,62,34,Oncology,Clinic,Solo Practice,High,North,Chandigarh,Chandigarh,Tier 2
HCP00630,Aditya Misra,Female,41,14,Oncology,Private,Solo Practice,Low,East,Assam,Guwahati,Tier 2
HCP00631,Gautami Mane,Female,40,16,General Medicine,Government,Hospital Attached,Medium,West,Gujarat,Ahmedabad,Tier 1
HCP00632,Wakeeta Desai,Male,46,17,General Medicine,Government,Solo Practice,High,East,Odisha,Bhubaneswar,Tier 2
HCP00633,Anjali Hans,Female,49,23,General Medicine,Private,Solo Practice,Medium,West,Goa,Margao,Tier 3
HCP00634,Ganga Gaba,Male,40,14,Pediatrics,Clinic,Hospital Attached,Medium,West,Maharashtra,Pune,Tier 1
HCP00635,Aarini Grewal,Male,64,36,Endocrinology,Clinic,Group Practice,Low,North,Haryana,Gurugram,Tier 1
HCP00636,Geetika Merchant,Female,43,13,Cardiology,Medical College,Group Practice,High,North,Delhi,Dwarka,Tier 1
HCP00637,Parth Ravi,Male,49,22,Pediatrics,Clinic,Group Practice,Medium,East,West Bengal,Siliguri,Tier 2
HCP00638,Yutika Narang,Male,39,10,Orthopedics,Clinic,Solo Practice,High,East,West Bengal,Kolkata,Tier 1
HCP00639,Nandini Chandran,Male,44,15,Dermatology,Government,Hospital Attached,Low,North,Haryana,Gurugram,Tier 1
HCP00640,Logan Sood,Male,60,31,General Medicine,Medical College,Hospital Attached,Low,East,Assam,Guwahati,Tier 2
HCP00641,Yuvraj Ahuja,Male,63,37,Orthopedics,Medical College,Hospital Attached,High,Central,Madhya Pradesh,Indore,Tier 2
HCP00642,Leela Keer,Female,53,28,Dermatology,Clinic,Solo Practice,Medium,South,Tamil Nadu,Chennai,Tier 1
HCP00643,Amara Narayan,Male,53,27,Pediatrics,Private,Hospital Attached,Medium,North,Punjab,Ludhiana,Tier 2
HCP00644,Advay Lal,Male,56,31,General Medicine,Private,Hospital Attached,High,West,Maharashtra,Nagpur,Tier 2
HCP00645,Warinder Bhatia,Female,30,5,Pulmonology,Private,Solo Practice,Medium,West,Gujarat,Ahmedabad,Tier 1
HCP00646,Udyati Mohanty,Male,30,1,Cardiology,Clinic,Group Practice,Medium,East,Assam,Guwahati,Tier 2
HCP00647,Nidra Thakkar,Female,30,6,Nephrology,Clinic,Solo Practice,High,Central,Chhattisgarh,Bilaspur,Tier 3
HCP00648,Jacob Merchant,Female,44,16,Orthopedics,Private,Group Practice,Medium,South,Tamil Nadu,Coimbatore,Tier 2
HCP00649,Timothy Kanda,Female,65,36,Dermatology,Government,Hospital Attached,Medium,East,Bihar,Patna,Tier 2
HCP00650,Vanya Dua,Male,61,34,Endocrinology,Clinic,Group Practice,High,East,Odisha,Bhubaneswar,Tier 2
HCP00651,Kashvi Sagar,Male,60,35,Pediatrics,Private,Solo Practice,Medium,East,Assam,Guwahati,Tier 2
HCP00652,Tejas Kota,Female,41,16,General Medicine,Clinic,Hospital Attached,High,South,Kerala,Kochi,Tier 2
HCP00653,Sanya Wable,Male,42,15,Gastroenterology,Government,Group Practice,Medium,South,Karnataka,Bengaluru,Tier 1
HCP00654,Faras Choudhury,Female,41,13,General Medicine,Medical College,Solo Practice,Low,West,Maharashtra,Mumbai,Tier 1
HCP00655,Yashasvi Jain,Male,64,36,General Medicine,Government,Hospital Attached,Low,Central,Chhattisgarh,Raipur,Tier 2
HCP00656,Nitesh Narang,Male,44,19,Pediatrics,Medical College,Hospital Attached,High,South,Karnataka,Mysuru,Tier 2
HCP00657,Jackson Jha,Male,46,22,Cardiology,Medical College,Group Practice,Low,South,Telangana,Hyderabad,Tier 1
HCP00658,Gavin Uppal,Female,66,41,Gastroenterology,Private,Hospital Attached,Medium,South,Telangana,Hyderabad,Tier 1
HCP00659,Christopher Setty,Female,38,9,Neurology,Medical College,Hospital Attached,Medium,Central,Madhya Pradesh,Indore,Tier 2
HCP00660,Yochana Sagar,Male,52,25,General Medicine,Government,Solo Practice,Medium,West,Gujarat,Ahmedabad,Tier 1
HCP00661,Dalbir Shere,Female,37,9,General Medicine,Medical College,Hospital Attached,Medium,West,Goa,Panaji,Tier 2
HCP00662,Anthony Randhawa,Male,33,6,Neurology,Government,Hospital Attached,Medium,West,Maharashtra,Pune,Tier 1
HCP00663,Aarush Kamdar,Female,51,21,General Medicine,Medical College,Solo Practice,High,East,West Bengal,Siliguri,Tier 2
HCP00664,Chakradev Sampath,Female,52,26,Orthopedics,Government,Group Practice,Low,North,Punjab,Amritsar,Tier 2
HCP00665,Devansh Bhasin,Female,42,12,General Medicine,Medical College,Group Practice,Low,East,Jharkhand,Ranchi,Tier 2
HCP00666,Urmi Balay,Male,64,36,General Medicine,Government,Group Practice,Medium,Central,Chhattisgarh,Raipur,Tier 2
HCP00667,Nilima Gole,Female,54,28,General Medicine,Medical College,Hospital Attached,Medium,South,Tamil Nadu,Coimbatore,Tier 2
HCP00668,Osha Prasad,Female,62,35,Orthopedics,Clinic,Hospital Attached,Medium,East,West Bengal,Siliguri,Tier 2
HCP00669,Saumya Purohit,Male,54,26,Gastroenterology,Medical College,Solo Practice,Medium,South,Tamil Nadu,Coimbatore,Tier 2
HCP00670,Faris Zacharia,Female,44,18,Orthopedics,Medical College,Hospital Attached,Low,Central,Chhattisgarh,Raipur,Tier 2
HCP00671,Ijaya Dani,Male,42,15,Gastroenterology,Private,Solo Practice,Low,South,Karnataka,Mysuru,Tier 2
HCP00672,Maya Wadhwa,Female,49,19,Orthopedics,Government,Solo Practice,Medium,West,Maharashtra,Nagpur,Tier 2
HCP00673,Udant Aggarwal,Male,33,3,General Medicine,Medical College,Solo Practice,Low,East,West Bengal,Kolkata,Tier 1
HCP00674,Chanchal Sheth,Male,51,27,Orthopedics,Medical College,Group Practice,Medium,South,Tamil Nadu,Chennai,Tier 1
HCP00675,Ladli Karpe,Female,66,42,Oncology,Private,Hospital Attached,Medium,West,Goa,Margao,Tier 3
HCP00676,Triveni Pal,Male,40,10,Neurology,Clinic,Solo Practice,Low,North,Punjab,Amritsar,Tier 2
HCP00677,Anya Gulati,Male,67,42,Neurology,Clinic,Solo Practice,Medium,East,West Bengal,Siliguri,Tier 2
HCP00678,Azad Saini,Male,33,7,Gastroenterology,Clinic,Hospital Attached,Medium,North,Delhi,Dwarka,Tier 1
HCP00679,Wridesh Jhaveri,Male,61,37,Pulmonology,Government,Solo Practice,Medium,South,Tamil Nadu,Chennai,Tier 1
HCP00680,Harrison Bandi,Female,50,20,Cardiology,Private,Group Practice,High,West,Maharashtra,Pune,Tier 1
HCP00681,Chanakya Konda,Male,44,19,Endocrinology,Government,Hospital Attached,Low,Central,Chhattisgarh,Raipur,Tier 2
HCP00682,Neelima Sarna,Female,49,25,Gastroenterology,Clinic,Hospital Attached,High,North,Punjab,Amritsar,Tier 2
HCP00683,Teerth Bhalla,Female,56,29,Orthopedics,Private,Group Practice,High,East,Odisha,Bhubaneswar,Tier 2
HCP00684,Yahvi Mann,Female,57,29,Dermatology,Medical College,Solo Practice,Medium,West,Maharashtra,Nagpur,Tier 2
HCP00685,Eiravati Nagi,Female,68,38,Nephrology,Private,Group Practice,Medium,North,Haryana,Gurugram,Tier 1
HCP00686,Chasmum Dhar,Female,61,33,General Medicine,Clinic,Solo Practice,Medium,South,Tamil Nadu,Coimbatore,Tier 2
HCP00687,Odika Mital,Female,49,25,Orthopedics,Private,Group Practice,Medium,East,West Bengal,Siliguri,Tier 2
HCP00688,Darsh Gill,Male,64,38,General Medicine,Private,Group Practice,High,South,Andhra Pradesh,Visakhapatnam,Tier 2
HCP00689,Warhi Batta,Male,43,13,Cardiology,Private,Solo Practice,High,East,Assam,Guwahati,Tier 2
HCP00690,Lakshmi Vohra,Female,37,7,General Medicine,Government,Hospital Attached,High,Central,Chhattisgarh,Bilaspur,Tier 3
HCP00691,Omaja Rege,Female,67,43,Pulmonology,Government,Group Practice,Medium,North,Punjab,Ludhiana,Tier 2
HCP00692,Charita Puri,Female,59,31,Dermatology,Medical College,Solo Practice,High,West,Maharashtra,Nagpur,Tier 2
HCP00693,Urvashi Khosla,Female,53,28,Pulmonology,Private,Solo Practice,Medium,South,Telangana,Warangal,Tier 2
HCP00694,Charita Dhawan,Female,58,30,General Medicine,Clinic,Group Practice,High,East,Jharkhand,Ranchi,Tier 2
HCP00695,Dalbir Sachar,Male,57,33,Pulmonology,Medical College,Group Practice,Medium,West,Goa,Panaji,Tier 2
HCP00696,Krish Rama,Male,41,14,Orthopedics,Clinic,Group Practice,Medium,East,Jharkhand,Ranchi,Tier 2
HCP00697,Aadhya Jani,Female,39,11,Cardiology,Clinic,Group Practice,High,Central,Chhattisgarh,Bilaspur,Tier 3
HCP00698,Farhan Sengupta,Female,51,26,Pediatrics,Private,Group Practice,High,Central,Madhya Pradesh,Bhopal,Tier 2
HCP00699,George Wason,Female,51,21,Endocrinology,Medical College,Solo Practice,Medium,South,Tamil Nadu,Coimbatore,Tier 2
HCP00700,Charan Loyal,Male,34,5,Cardiology,Private,Hospital Attached,Medium,North,Punjab,Ludhiana,Tier 2
HCP00701,Balveer Bora,Female,40,15,Gastroenterology,Private,Group Practice,High,West,Goa,Panaji,Tier 2
HCP00702,Teerth Srinivas,Male,54,27,General Medicine,Clinic,Group Practice,Medium,East,West Bengal,Siliguri,Tier 2
HCP00703,Gaurangi Mitter,Male,53,29,Pulmonology,Government,Solo Practice,High,Central,Madhya Pradesh,Bhopal,Tier 2
HCP00704,Siddharth Gupta,Female,68,44,Pediatrics,Clinic,Group Practice,Medium,East,Assam,Guwahati,Tier 2
HCP00705,Varenya Kibe,Female,50,26,Endocrinology,Clinic,Hospital Attached,High,West,Maharashtra,Pune,Tier 1
HCP00706,Mekhala Khatri,Male,64,36,Neurology,Private,Group Practice,Medium,North,Uttar Pradesh,Noida,Tier 1
HCP00707,Barkha Rai,Female,56,32,Endocrinology,Clinic,Group Practice,Medium,North,Delhi,Dwarka,Tier 1
HCP00708,Jagrati Morar,Male,38,9,Gastroenterology,Clinic,Group Practice,Medium,West,Maharashtra,Nagpur,Tier 2
HCP00709,Jagvi Varghese,Female,32,8,General Medicine,Private,Group Practice,Medium,South,Kerala,Kochi,Tier 2
HCP00710,Unnati Chaudhari,Female,45,17,Neurology,Clinic,Group Practice,High,East,West Bengal,Siliguri,Tier 2
HCP00711,Ekaja Jani,Female,65,37,Psychiatry,Medical College,Solo Practice,Low,West,Rajasthan,Jaipur,Tier 2
HCP00712,Dhriti Sachdev,Male,36,7,Cardiology,Clinic,Hospital Attached,High,East,West Bengal,Siliguri,Tier 2
HCP00713,Timothy Dhingra,Male,41,16,Endocrinology,Government,Solo Practice,High,East,Jharkhand,Ranchi,Tier 2
HCP00714,Advika Sahni,Female,63,39,General Medicine,Medical College,Hospital Attached,High,North,Chandigarh,Chandigarh,Tier 2
HCP00715,Michael Hayre,Male,34,8,Neurology,Government,Hospital Attached,High,East,West Bengal,Kolkata,Tier 1
HCP00716,Victor Raghavan,Female,47,22,Cardiology,Clinic,Group Practice,Medium,North,Chandigarh,Chandigarh,Tier 2
HCP00717,Xalak Nazareth,Male,61,31,General Medicine,Government,Hospital Attached,Medium,South,Tamil Nadu,Coimbatore,Tier 2
HCP00718,Vrinda Swaminathan,Female,58,31,Psychiatry,Clinic,Hospital Attached,Medium,North,Punjab,Amritsar,Tier 2
HCP00719,Om Pandey,Male,65,37,Pediatrics,Medical College,Hospital Attached,Medium,South,Telangana,Warangal,Tier 2
HCP00720,Logan Suresh,Female,50,23,Orthopedics,Government,Group Practice,Medium,North,Haryana,Gurugram,Tier 1
HCP00721,Daniel Viswanathan,Female,44,19,Cardiology,Government,Hospital Attached,High,East,Assam,Guwahati,Tier 2
HCP00722,Falan Bava,Male,50,24,Pediatrics,Government,Hospital Attached,High,East,Assam,Guwahati,Tier 2
HCP00723,Nitara Devan,Female,47,23,Pulmonology,Clinic,Hospital Attached,Low,Central,Chhattisgarh,Raipur,Tier 2
HCP00724,Ekansh Dora,Male,63,37,General Medicine,Medical College,Group Practice,Low,Central,Madhya Pradesh,Bhopal,Tier 2
HCP00725,Tejas Tiwari,Female,52,27,Cardiology,Medical College,Hospital Attached,Low,South,Karnataka,Bengaluru,Tier 1
HCP00726,Kashvi Bhasin,Female,46,17,Pulmonology,Clinic,Group Practice,Low,North,Delhi,New Delhi,Tier 1
HCP00727,Vinaya Babu,Male,39,14,Cardiology,Medical College,Hospital Attached,Medium,South,Tamil Nadu,Coimbatore,Tier 2
HCP00728,Nisha Arora,Female,40,14,General Medicine,Government,Hospital Attached,Low,West,Goa,Panaji,Tier 2
HCP00729,Anvi Wason,Male,46,20,General Medicine,Medical College,Hospital Attached,Low,South,Kerala,Kochi,Tier 2
HCP00730,Anay Thakkar,Male,37,13,Pediatrics,Clinic,Group Practice,Medium,South,Tamil Nadu,Chennai,Tier 1
HCP00731,Praneel Chhabra,Female,51,24,Pulmonology,Government,Group Practice,Low,North,Uttar Pradesh,Noida,Tier 1
HCP00732,Manthan Khosla,Male,31,5,Gastroenterology,Government,Hospital Attached,Medium,West,Goa,Margao,Tier 3
HCP00733,Zayyan Pandya,Male,44,14,Endocrinology,Government,Solo Practice,High,West,Goa,Margao,Tier 3
HCP00734,Mekhala Brar,Male,52,22,Psychiatry,Private,Hospital Attached,High,South,Tamil Nadu,Chennai,Tier 1
HCP00735,Nidra Sharaf,Male,57,28,Gastroenterology,Private,Group Practice,Medium,South,Kerala,Kochi,Tier 2
HCP00736,Upkaar Mital,Female,48,23,Neurology,Government,Hospital Attached,High,West,Gujarat,Surat,Tier 2
HCP00737,Azad Chander,Male,44,17,Neurology,Private,Group Practice,High,West,Maharashtra,Pune,Tier 1
HCP00738,Ladli Purohit,Male,35,10,Neurology,Clinic,Solo Practice,Low,Central,Chhattisgarh,Raipur,Tier 2
HCP00739,Daksh Andra,Female,65,41,Endocrinology,Private,Solo Practice,High,South,Telangana,Warangal,Tier 2
HCP00740,Fitan Tata,Female,66,41,Endocrinology,Government,Solo Practice,Low,North,Chandigarh,Chandigarh,Tier 2
HCP00741,Garima Chandran,Male,67,41,Oncology,Government,Solo Practice,Medium,South,Kerala,Kochi,Tier 2
HCP00742,Victor Kakar,Male,62,32,General Medicine,Medical College,Solo Practice,Medium,East,Bihar,Patna,Tier 2
HCP00743,Anika Batra,Female,56,27,General Medicine,Medical College,Group Practice,High,North,Uttar Pradesh,Lucknow,Tier 1
HCP00744,Avni Bali,Female,30,3,Pulmonology,Clinic,Hospital Attached,Medium,North,Haryana,Gurugram,Tier 1
HCP00745,Divya Babu,Male,64,39,Orthopedics,Clinic,Hospital Attached,Medium,South,Andhra Pradesh,Visakhapatnam,Tier 2
HCP00746,Maanas Rao,Male,32,4,General Medicine,Clinic,Group Practice,Medium,Central,Chhattisgarh,Raipur,Tier 2
HCP00747,Chandani Gaba,Female,28,1,Neurology,Medical College,Hospital Attached,Low,North,Delhi,New Delhi,Tier 1
HCP00748,Lopa Zachariah,Male,67,37,Endocrinology,Private,Group Practice,High,North,Punjab,Ludhiana,Tier 2
HCP00749,Leena Dey,Female,40,12,Neurology,Private,Hospital Attached,Medium,North,Uttar Pradesh,Lucknow,Tier 1
HCP00750,Xiti Pal,Female,48,24,General Medicine,Government,Solo Practice,High,North,Haryana,Gurugram,Tier 1
HCP00751,Guneet Sarkar,Male,39,9,General Medicine,Government,Group Practice,Low,North,Delhi,New Delhi,Tier 1
HCP00752,Faqid Oak,Male,64,35,Gastroenterology,Medical College,Hospital Attached,Medium,East,West Bengal,Kolkata,Tier 1
HCP00753,Eta Balan,Female,31,5,Cardiology,Government,Solo Practice,High,North,Chandigarh,Chandigarh,Tier 2
HCP00754,Shravya Swaminathan,Male,59,29,General Medicine,Government,Group Practice,Medium,Central,Chhattisgarh,Bilaspur,Tier 3
HCP00755,Ishani Prashad,Female,51,21,Pulmonology,Clinic,Hospital Attached,Low,South,Karnataka,Bengaluru,Tier 1
HCP00756,Quincy Rai,Male,47,23,Oncology,Government,Solo Practice,High,West,Goa,Margao,Tier 3
HCP00757,Chakrika Koshy,Female,40,15,Orthopedics,Private,Hospital Attached,Medium,Central,Madhya Pradesh,Bhopal,Tier 2
HCP00758,Fitan Loyal,Male,63,34,Orthopedics,Government,Hospital Attached,Medium,South,Andhra Pradesh,Visakhapatnam,Tier 2
HCP00759,Lajita Dube,Female,55,31,General Medicine,Private,Hospital Attached,Medium,North,Haryana,Gurugram,Tier 1
HCP00760,Edhitha Patel,Female,38,10,Nephrology,Medical College,Group Practice,High,East,West Bengal,Kolkata,Tier 1
HCP00761,Gavin Ahluwalia,Female,51,24,Pulmonology,Medical College,Hospital Attached,Medium,North,Punjab,Amritsar,Tier 2
HCP00762,Sai Parsa,Male,64,36,Cardiology,Clinic,Group Practice,High,East,West Bengal,Siliguri,Tier 2
HCP00763,Harsh Deo,Female,53,29,Pulmonology,Clinic,Hospital Attached,Low,North,Delhi,New Delhi,Tier 1
HCP00764,Rachit Sankar,Male,47,23,Cardiology,Private,Solo Practice,High,West,Goa,Margao,Tier 3
HCP00765,Yauvani Reddy,Male,45,17,Pediatrics,Private,Solo Practice,Low,West,Maharashtra,Mumbai,Tier 1
HCP00766,Atharv Chakraborty,Female,37,12,Cardiology,Private,Solo Practice,Medium,South,Telangana,Warangal,Tier 2
HCP00767,Girik Nair,Female,33,5,Endocrinology,Private,Hospital Attached,Low,East,Jharkhand,Ranchi,Tier 2
HCP00768,Advik Manne,Female,58,33,Pediatrics,Government,Hospital Attached,Medium,Central,Madhya Pradesh,Indore,Tier 2
HCP00769,Lipika Chad,Male,64,37,General Medicine,Government,Group Practice,Medium,East,Assam,Guwahati,Tier 2
HCP00770,Omkaar Rai,Female,54,24,General Medicine,Private,Hospital Attached,Medium,South,Tamil Nadu,Coimbatore,Tier 2
HCP00771,Liam Luthra,Male,68,38,Neurology,Government,Group Practice,Medium,South,Andhra Pradesh,Visakhapatnam,Tier 2
HCP00772,Amrita Tailor,Female,62,34,General Medicine,Private,Solo Practice,Low,East,Jharkhand,Ranchi,Tier 2
HCP00773,Dev Ganesh,Female,56,26,Orthopedics,Government,Solo Practice,Medium,North,Punjab,Ludhiana,Tier 2
HCP00774,Anya Sama,Female,37,12,Endocrinology,Medical College,Hospital Attached,High,South,Karnataka,Bengaluru,Tier 1
HCP00775,Veda Bose,Female,44,20,Endocrinology,Medical College,Hospital Attached,Low,South,Telangana,Hyderabad,Tier 1
HCP00776,Zayan Koshy,Male,58,30,General Medicine,Medical College,Hospital Attached,Medium,North,Haryana,Gurugram,Tier 1
HCP00777,Rohan Shankar,Male,43,19,Cardiology,Medical College,Group Practice,Medium,Central,Chhattisgarh,Raipur,Tier 2
HCP00778,Krishna Modi,Male,35,6,Endocrinology,Clinic,Group Practice,Low,East,Odisha,Bhubaneswar,Tier 2
HCP00779,Meghana Natarajan,Female,66,37,General Medicine,Clinic,Solo Practice,High,South,Karnataka,Mysuru,Tier 2
HCP00780,Forum Sarraf,Female,67,42,Pediatrics,Private,Solo Practice,Medium,North,Haryana,Gurugram,Tier 1
HCP00781,Qushi Deshpande,Male,33,9,Pulmonology,Private,Hospital Attached,High,Central,Chhattisgarh,Bilaspur,Tier 3
HCP00782,Ekani Iyer,Female,28,2,Pulmonology,Government,Group Practice,Medium,East,Odisha,Bhubaneswar,Tier 2
HCP00783,Dipta Goel,Male,49,24,Pulmonology,Private,Solo Practice,Medium,South,Karnataka,Mysuru,Tier 2
HCP00784,Eiravati Manne,Female,63,36,Neurology,Private,Hospital Attached,Medium,Central,Chhattisgarh,Raipur,Tier 2
HCP00785,Xavier Nanda,Male,52,24,Oncology,Government,Group Practice,Low,North,Punjab,Amritsar,Tier 2
HCP00786,Avni Ramaswamy,Female,40,10,Pulmonology,Clinic,Solo Practice,Medium,South,Telangana,Warangal,Tier 2
HCP00787,Ishaan Iyengar,Male,32,5,Neurology,Clinic,Solo Practice,Low,North,Punjab,Ludhiana,Tier 2
HCP00788,Avi Shenoy,Female,42,15,Pediatrics,Government,Group Practice,Medium,South,Karnataka,Bengaluru,Tier 1
HCP00789,Raksha Manne,Male,39,14,Pediatrics,Medical College,Hospital Attached,High,West,Goa,Panaji,Tier 2
HCP00790,Nilima Tata,Male,30,5,Oncology,Clinic,Group Practice,Medium,West,Goa,Panaji,Tier 2
HCP00791,Chavvi Khurana,Male,29,3,Neurology,Clinic,Hospital Attached,Medium,South,Telangana,Hyderabad,Tier 1
HCP00792,Mitesh Sampath,Female,31,2,Cardiology,Medical College,Solo Practice,High,North,Delhi,Dwarka,Tier 1
HCP00793,Ethan Sen,Female,42,17,Endocrinology,Medical College,Hospital Attached,Low,East,Jharkhand,Ranchi,Tier 2
HCP00794,Nandini Warrior,Female,61,32,Neurology,Private,Group Practice,Low,North,Delhi,Dwarka,Tier 1
HCP00795,Balhaar Parsa,Male,55,29,Oncology,Clinic,Group Practice,Medium,North,Punjab,Ludhiana,Tier 2
HCP00796,Ikbal Kothari,Male,36,8,Orthopedics,Private,Solo Practice,Medium,South,Telangana,Hyderabad,Tier 1
HCP00797,Ojas Basu,Male,55,25,General Medicine,Private,Group Practice,Low,North,Haryana,Gurugram,Tier 1
HCP00798,Garima Sani,Male,39,13,Gastroenterology,Private,Hospital Attached,Low,North,Delhi,New Delhi,Tier 1
HCP00799,Advaith Chaudhari,Female,54,27,Cardiology,Clinic,Solo Practice,High,South,Telangana,Warangal,Tier 2
HCP00800,Tristan Uppal,Male,36,11,General Medicine,Clinic,Hospital Attached,Medium,Central,Chhattisgarh,Raipur,Tier 2
HCP00801,Sanaya Prasad,Male,66,41,Cardiology,Government,Group Practice,Low,East,Odisha,Bhubaneswar,Tier 2
HCP00802,Ubika Tella,Female,36,8,Dermatology,Medical College,Hospital Attached,Medium,North,Haryana,Gurugram,Tier 1
HCP00803,Hemani Bakshi,Male,52,25,Pediatrics,Private,Solo Practice,Low,West,Gujarat,Ahmedabad,Tier 1
HCP00804,Henry Merchant,Female,28,2,Psychiatry,Private,Hospital Attached,Medium,South,Karnataka,Bengaluru,Tier 1
HCP00805,Frederick D’Alia,Male,41,17,General Medicine,Medical College,Hospital Attached,Medium,North,Delhi,New Delhi,Tier 1
HCP00806,Ijaya Muni,Female,57,32,Pediatrics,Government,Hospital Attached,High,South,Telangana,Hyderabad,Tier 1
HCP00807,Tamanna Jhaveri,Female,48,21,Neurology,Government,Hospital Attached,Low,North,Uttar Pradesh,Lucknow,Tier 1
HCP00808,Ijaya Soni,Female,30,5,Pediatrics,Medical College,Hospital Attached,Low,South,Karnataka,Mysuru,Tier 2
HCP00809,Raksha Sethi,Female,61,31,Neurology,Government,Solo Practice,Medium,West,Maharashtra,Nagpur,Tier 2
HCP00810,Ekalinga Mital,Female,47,17,Gastroenterology,Medical College,Solo Practice,Medium,South,Tamil Nadu,Chennai,Tier 1
HCP00811,Ishwar Bajaj,Male,61,36,Pediatrics,Medical College,Solo Practice,High,South,Karnataka,Mysuru,Tier 2
HCP00812,Ikbal Gala,Male,39,9,Orthopedics,Private,Group Practice,Medium,Central,Chhattisgarh,Bilaspur,Tier 3
HCP00813,Zaitra Ghosh,Female,29,4,Pediatrics,Private,Group Practice,Low,East,Bihar,Patna,Tier 2
HCP00814,Ganga Sandhu,Female,38,9,Pulmonology,Government,Solo Practice,High,East,Jharkhand,Ranchi,Tier 2
HCP00815,Vincent Ravel,Female,33,5,Pulmonology,Private,Group Practice,Medium,West,Goa,Panaji,Tier 2
HCP00816,Quincy Sankaran,Male,38,12,Orthopedics,Private,Solo Practice,High,West,Gujarat,Ahmedabad,Tier 1
HCP00817,Ayush Hora,Male,31,4,Cardiology,Medical College,Group Practice,Medium,East,West Bengal,Siliguri,Tier 2
HCP00818,Pushti Ramachandran,Male,36,11,General Medicine,Clinic,Solo Practice,Medium,South,Andhra Pradesh,Visakhapatnam,Tier 2
HCP00819,Tanish Jha,Female,62,32,General Medicine,Medical College,Solo Practice,Low,East,Assam,Guwahati,Tier 2
HCP00820,Dev Chaudry,Female,57,30,Pediatrics,Government,Solo Practice,High,West,Rajasthan,Jaipur,Tier 2
HCP00821,Jasmit Nanda,Female,67,38,Orthopedics,Private,Solo Practice,Low,West,Goa,Margao,Tier 3
HCP00822,Tanvi Comar,Male,50,26,General Medicine,Government,Hospital Attached,Medium,South,Kerala,Kochi,Tier 2
HCP00823,Vrishti Wable,Female,49,25,General Medicine,Medical College,Solo Practice,Low,North,Punjab,Amritsar,Tier 2
HCP00824,Lipika Ramanathan,Female,67,38,Pulmonology,Private,Group Practice,High,East,Bihar,Patna,Tier 2
HCP00825,Ijaya Pandey,Female,30,6,Pulmonology,Clinic,Group Practice,High,South,Karnataka,Bengaluru,Tier 1
HCP00826,Orinder Mishra,Male,55,25,Orthopedics,Clinic,Group Practice,Low,West,Maharashtra,Nagpur,Tier 2
HCP00827,Krish Munshi,Female,49,21,Endocrinology,Private,Hospital Attached,Low,North,Delhi,Dwarka,Tier 1
HCP00828,William Mody,Male,34,6,Pulmonology,Government,Group Practice,High,North,Uttar Pradesh,Lucknow,Tier 1
HCP00829,Qadim Prakash,Female,55,27,Dermatology,Clinic,Hospital Attached,Medium,East,Jharkhand,Ranchi,Tier 2
HCP00830,Yasti Rama,Female,36,8,Orthopedics,Medical College,Group Practice,High,East,Bihar,Patna,Tier 2
HCP00831,Lakshit Rajagopal,Male,46,21,General Medicine,Government,Group Practice,Medium,Central,Madhya Pradesh,Indore,Tier 2
HCP00832,Quincy Sur,Male,41,11,Neurology,Medical College,Group Practice,Low,South,Andhra Pradesh,Visakhapatnam,Tier 2
HCP00833,Ojas Suri,Female,63,33,Neurology,Government,Hospital Attached,Low,West,Rajasthan,Jaipur,Tier 2
HCP00834,Logan Grover,Female,44,14,General Medicine,Clinic,Hospital Attached,Medium,Central,Chhattisgarh,Bilaspur,Tier 3
HCP00835,Shravya Bera,Male,35,6,Endocrinology,Medical College,Hospital Attached,Medium,West,Goa,Margao,Tier 3
HCP00836,Aditya Sundaram,Male,39,14,Endocrinology,Clinic,Hospital Attached,Medium,North,Punjab,Amritsar,Tier 2
HCP00837,Robert Rajagopalan,Female,30,1,General Medicine,Private,Hospital Attached,Medium,South,Andhra Pradesh,Visakhapatnam,Tier 2
HCP00838,Nilima Swamy,Female,57,27,Gastroenterology,Government,Hospital Attached,Medium,West,Maharashtra,Mumbai,Tier 1
HCP00839,Sachi Suresh,Female,63,35,General Medicine,Clinic,Group Practice,Low,East,West Bengal,Siliguri,Tier 2
HCP00840,Fitan Balasubramanian,Male,45,15,General Medicine,Medical College,Hospital Attached,Medium,West,Goa,Margao,Tier 3
HCP00841,Brinda Bali,Male,64,36,Endocrinology,Government,Group Practice,High,East,Bihar,Patna,Tier 2
HCP00842,Umang Yogi,Female,30,4,Endocrinology,Medical College,Solo Practice,Medium,East,West Bengal,Siliguri,Tier 2
HCP00843,Om Shankar,Female,41,13,Cardiology,Government,Group Practice,High,East,West Bengal,Kolkata,Tier 1
HCP00844,Yasti Chowdhury,Male,33,6,Pediatrics,Medical College,Hospital Attached,Low,East,Assam,Guwahati,Tier 2
HCP00845,Amrita Peri,Female,58,29,Dermatology,Clinic,Group Practice,Low,South,Kerala,Kochi,Tier 2
HCP00846,Ridhi Kamdar,Male,61,32,Nephrology,Private,Hospital Attached,Low,East,Bihar,Patna,Tier 2
HCP00847,Harsh Kota,Female,61,37,General Medicine,Government,Hospital Attached,High,South,Telangana,Hyderabad,Tier 1
HCP00848,Bachittar Sengupta,Male,49,22,Dermatology,Government,Hospital Attached,High,Central,Chhattisgarh,Bilaspur,Tier 3
HCP00849,Ijaya Chahal,Female,29,1,Pulmonology,Private,Group Practice,Low,North,Uttar Pradesh,Lucknow,Tier 1
HCP00850,Jacob Khalsa,Female,45,17,Cardiology,Medical College,Hospital Attached,Low,South,Karnataka,Bengaluru,Tier 1
HCP00851,Indali Sangha,Male,38,12,General Medicine,Government,Solo Practice,Medium,North,Chandigarh,Chandigarh,Tier 2
HCP00852,Liam Jhaveri,Female,45,20,Oncology,Clinic,Hospital Attached,Low,East,West Bengal,Siliguri,Tier 2
HCP00853,Daniel Panchal,Male,47,19,Dermatology,Medical College,Solo Practice,Low,North,Uttar Pradesh,Noida,Tier 1
HCP00854,Om Naik,Female,31,7,Endocrinology,Government,Group Practice,Medium,West,Gujarat,Ahmedabad,Tier 1
HCP00855,Bimala Loke,Female,67,41,Cardiology,Private,Hospital Attached,High,Central,Chhattisgarh,Bilaspur,Tier 3
HCP00856,Krishna Sabharwal,Male,57,29,General Medicine,Medical College,Solo Practice,Medium,West,Gujarat,Ahmedabad,Tier 1
HCP00857,Aradhana Date,Female,58,33,Oncology,Private,Hospital Attached,Medium,North,Punjab,Ludhiana,Tier 2
HCP00858,Zaid Dhingra,Female,53,28,Pulmonology,Clinic,Group Practice,Medium,West,Goa,Margao,Tier 3
HCP00859,Yug Ramaswamy,Male,32,5,General Medicine,Medical College,Group Practice,High,East,West Bengal,Siliguri,Tier 2
HCP00860,Lucky Luthra,Female,50,22,Orthopedics,Government,Group Practice,High,North,Delhi,Dwarka,Tier 1
HCP00861,Keya Seth,Male,48,20,Neurology,Clinic,Hospital Attached,Medium,South,Telangana,Hyderabad,Tier 1
HCP00862,Girik Rau,Female,43,15,Cardiology,Private,Group Practice,Medium,Central,Madhya Pradesh,Indore,Tier 2
HCP00863,Jyoti Sha,Female,41,11,Pulmonology,Medical College,Group Practice,Medium,West,Gujarat,Ahmedabad,Tier 1
HCP00864,Falak Agate,Female,62,33,Cardiology,Government,Hospital Attached,High,South,Telangana,Hyderabad,Tier 1
HCP00865,Tara Parmar,Female,35,7,Orthopedics,Clinic,Hospital Attached,Low,North,Uttar Pradesh,Lucknow,Tier 1
HCP00866,Mitali Kamdar,Female,39,13,Psychiatry,Government,Hospital Attached,Low,North,Haryana,Gurugram,Tier 1
HCP00867,Siddharth Talwar,Female,48,21,Neurology,Government,Solo Practice,Low,South,Tamil Nadu,Coimbatore,Tier 2
HCP00868,Ekantika Mander,Male,65,35,Neurology,Government,Solo Practice,Medium,North,Uttar Pradesh,Lucknow,Tier 1
HCP00869,Kalpit Sundaram,Female,62,36,Endocrinology,Medical College,Solo Practice,Low,East,West Bengal,Kolkata,Tier 1
HCP00870,Chanakya Batra,Female,47,19,Gastroenterology,Clinic,Group Practice,High,Central,Madhya Pradesh,Indore,Tier 2
HCP00871,Tripti Babu,Female,33,5,General Medicine,Medical College,Solo Practice,High,West,Maharashtra,Mumbai,Tier 1
HCP00872,Nakul Sastry,Male,51,23,Psychiatry,Government,Hospital Attached,Medium,East,Odisha,Bhubaneswar,Tier 2
HCP00873,Aadi Sangha,Female,35,5,Cardiology,Government,Solo Practice,Medium,North,Delhi,New Delhi,Tier 1
HCP00874,Kevin Mittal,Female,68,42,Pulmonology,Medical College,Group Practice,Medium,South,Karnataka,Mysuru,Tier 2
HCP00875,Anusha Chander,Male,39,12,General Medicine,Medical College,Group Practice,High,West,Maharashtra,Pune,Tier 1
HCP00876,Zashil Butala,Male,46,16,Neurology,Private,Solo Practice,Low,Central,Madhya Pradesh,Bhopal,Tier 2
HCP00877,Noah Ben,Male,37,8,Dermatology,Medical College,Solo Practice,Low,West,Goa,Panaji,Tier 2
HCP00878,Dalaja Kaur,Female,57,27,Pulmonology,Medical College,Hospital Attached,Low,Central,Chhattisgarh,Bilaspur,Tier 3
HCP00879,Gavin Chandran,Female,63,33,Pediatrics,Clinic,Solo Practice,Low,West,Maharashtra,Nagpur,Tier 2
HCP00880,Tanay Sood,Male,64,37,Dermatology,Private,Hospital Attached,Medium,West,Maharashtra,Pune,Tier 1
HCP00881,Kevin Kara,Female,62,34,Endocrinology,Government,Hospital Attached,Medium,Central,Madhya Pradesh,Indore,Tier 2
HCP00882,Aditya Anand,Female,35,7,Pediatrics,Government,Solo Practice,High,East,Assam,Guwahati,Tier 2
HCP00883,Jai Sami,Female,57,29,General Medicine,Government,Solo Practice,Medium,East,Jharkhand,Ranchi,Tier 2
HCP00884,Vanya Bobal,Male,68,40,Gastroenterology,Clinic,Hospital Attached,Low,East,Odisha,Bhubaneswar,Tier 2
HCP00885,Leela Chakraborty,Female,62,32,General Medicine,Medical College,Hospital Attached,High,West,Rajasthan,Jaipur,Tier 2
HCP00886,Harshil Munshi,Female,54,28,Psychiatry,Clinic,Group Practice,Low,South,Karnataka,Bengaluru,Tier 1
HCP00887,Chandani Devan,Female,64,38,General Medicine,Medical College,Hospital Attached,Low,East,Assam,Guwahati,Tier 2
HCP00888,Kiaan Dhar,Male,46,16,Pulmonology,Government,Group Practice,Medium,North,Haryana,Gurugram,Tier 1
HCP00889,Abhiram Gala,Male,60,36,Dermatology,Clinic,Group Practice,Low,South,Tamil Nadu,Chennai,Tier 1
HCP00890,Indali Kala,Female,45,15,Cardiology,Government,Hospital Attached,Low,West,Maharashtra,Pune,Tier 1
HCP00891,Nisha Savant,Male,56,30,Gastroenterology,Clinic,Hospital Attached,Low,North,Chandigarh,Chandigarh,Tier 2
HCP00892,Gabriel Chaudhry,Male,61,31,General Medicine,Government,Solo Practice,Medium,West,Goa,Margao,Tier 3
HCP00893,Jatin Rajagopalan,Male,59,29,Nephrology,Medical College,Solo Practice,Medium,East,Assam,Guwahati,Tier 2
HCP00894,Pushti Murty,Male,41,13,Pulmonology,Clinic,Solo Practice,Medium,North,Haryana,Gurugram,Tier 1
HCP00895,Yug Malhotra,Male,31,6,Pediatrics,Medical College,Group Practice,Medium,West,Goa,Panaji,Tier 2
HCP00896,Yuvraj Mane,Male,52,23,Pulmonology,Medical College,Group Practice,Low,East,Jharkhand,Ranchi,Tier 2
HCP00897,Charvi Jha,Female,28,2,Oncology,Medical College,Group Practice,Medium,South,Tamil Nadu,Coimbatore,Tier 2
HCP00898,Manya Merchant,Male,34,6,Neurology,Medical College,Hospital Attached,High,West,Rajasthan,Jaipur,Tier 2
HCP00899,Wriddhish Talwar,Female,49,23,Cardiology,Government,Group Practice,Medium,West,Gujarat,Ahmedabad,Tier 1
HCP00900,Isaiah Khosla,Female,57,27,Neurology,Private,Hospital Attached,Medium,East,Assam,Guwahati,Tier 2
HCP00901,Ekavir Wable,Male,61,35,Neurology,Private,Group Practice,Medium,South,Tamil Nadu,Coimbatore,Tier 2
HCP00902,Jalsa Nadig,Male,32,8,Endocrinology,Government,Hospital Attached,Medium,South,Tamil Nadu,Coimbatore,Tier 2
HCP00903,Lila Salvi,Male,46,20,General Medicine,Government,Hospital Attached,Low,West,Goa,Margao,Tier 3
HCP00904,Orinder Sinha,Male,66,37,General Medicine,Government,Solo Practice,High,East,Assam,Guwahati,Tier 2
HCP00905,Anay Bir,Male,52,23,Pulmonology,Private,Solo Practice,Medium,West,Goa,Margao,Tier 3
HCP00906,Adweta Kale,Female,46,19,Neurology,Government,Hospital Attached,Medium,West,Maharashtra,Pune,Tier 1
HCP00907,Darpan Rao,Female,55,26,Oncology,Clinic,Group Practice,Low,East,West Bengal,Kolkata,Tier 1
HCP00908,Yachana Sagar,Male,45,15,General Medicine,Medical College,Group Practice,High,Central,Madhya Pradesh,Indore,Tier 2
HCP00909,Neelima Butala,Female,44,19,Pediatrics,Medical College,Solo Practice,Medium,South,Andhra Pradesh,Visakhapatnam,Tier 2
HCP00910,Arunima Chacko,Male,59,35,General Medicine,Medical College,Solo Practice,Medium,West,Gujarat,Surat,Tier 2
HCP00911,Farhan Vaidya,Male,56,27,Cardiology,Government,Solo Practice,Low,South,Karnataka,Mysuru,Tier 2
HCP00912,Nachiket Yadav,Female,56,32,Dermatology,Private,Hospital Attached,Medium,West,Gujarat,Surat,Tier 2
HCP00913,Mahika Bhatti,Male,52,26,General Medicine,Clinic,Group Practice,Medium,North,Haryana,Gurugram,Tier 1
HCP00914,Rajeshri Khare,Female,58,31,Endocrinology,Government,Hospital Attached,Low,North,Punjab,Amritsar,Tier 2
HCP00915,Yash Chadha,Female,58,34,Orthopedics,Clinic,Group Practice,Medium,North,Punjab,Amritsar,Tier 2
HCP00916,Jack Setty,Female,31,2,Nephrology,Government,Group Practice,Medium,West,Goa,Panaji,Tier 2
HCP00917,Dayamai Gill,Female,33,3,Pediatrics,Clinic,Hospital Attached,Low,Central,Chhattisgarh,Raipur,Tier 2
HCP00918,Advik Devan,Male,52,23,General Medicine,Medical College,Solo Practice,Medium,East,West Bengal,Kolkata,Tier 1
HCP00919,Nihal Taneja,Female,59,35,Dermatology,Medical College,Hospital Attached,Low,East,Jharkhand,Ranchi,Tier 2
HCP00920,Zansi Lad,Male,40,16,Pulmonology,Private,Group Practice,Medium,Central,Madhya Pradesh,Bhopal,Tier 2
HCP00921,Kamya Date,Female,59,31,Psychiatry,Medical College,Solo Practice,Low,West,Goa,Panaji,Tier 2
HCP00922,Jacob Balan,Male,49,19,Pulmonology,Medical College,Solo Practice,Low,Central,Chhattisgarh,Bilaspur,Tier 3
HCP00923,Pushti Magar,Female,62,37,Pulmonology,Private,Solo Practice,Low,West,Gujarat,Surat,Tier 2
HCP00924,Adya Bose,Male,59,30,General Medicine,Government,Solo Practice,High,North,Delhi,Dwarka,Tier 1
HCP00925,Tamanna Vaidya,Male,28,3,Neurology,Clinic,Solo Practice,Medium,East,Bihar,Patna,Tier 2
HCP00926,Christopher Tata,Male,65,41,Gastroenterology,Government,Solo Practice,Medium,South,Telangana,Hyderabad,Tier 1
HCP00927,Jhalak Dugar,Male,32,2,Cardiology,Clinic,Hospital Attached,Medium,West,Maharashtra,Nagpur,Tier 2
HCP00928,Harshil D’Alia,Female,35,6,Orthopedics,Private,Group Practice,High,South,Telangana,Warangal,Tier 2
HCP00929,Yashodhara Agate,Male,30,2,General Medicine,Government,Solo Practice,Medium,South,Tamil Nadu,Chennai,Tier 1
HCP00930,Advik Konda,Female,38,9,Endocrinology,Private,Group Practice,Low,West,Maharashtra,Mumbai,Tier 1
HCP00931,Urmi Patla,Male,36,12,Gastroenterology,Medical College,Solo Practice,Low,South,Tamil Nadu,Chennai,Tier 1
HCP00932,Mason Gola,Female,33,9,General Medicine,Government,Hospital Attached,Medium,South,Tamil Nadu,Chennai,Tier 1
HCP00933,Oni Kapur,Female,54,25,Gastroenterology,Medical College,Hospital Attached,Low,North,Punjab,Amritsar,Tier 2
HCP00934,Yuvraj Saha,Male,68,42,Orthopedics,Medical College,Solo Practice,High,South,Tamil Nadu,Coimbatore,Tier 2
HCP00935,Anika Brahmbhatt,Male,66,41,Pulmonology,Government,Hospital Attached,High,South,Karnataka,Bengaluru,Tier 1
HCP00936,Jagdish Thakkar,Female,50,23,General Medicine,Private,Solo Practice,Low,North,Uttar Pradesh,Noida,Tier 1
HCP00937,Praneel Kapoor,Male,67,41,Dermatology,Private,Group Practice,High,South,Karnataka,Bengaluru,Tier 1
HCP00938,Nandini Biswas,Male,45,21,General Medicine,Private,Hospital Attached,High,North,Punjab,Amritsar,Tier 2
HCP00939,Barkha Mukhopadhyay,Female,59,34,General Medicine,Government,Solo Practice,Medium,South,Kerala,Kochi,Tier 2
HCP00940,Gabriel Shan,Female,41,14,Cardiology,Medical College,Solo Practice,Low,West,Gujarat,Surat,Tier 2
HCP00941,Jyoti Iyer,Male,62,37,General Medicine,Government,Group Practice,Medium,Central,Madhya Pradesh,Indore,Tier 2
HCP00942,Daksha Kibe,Male,43,14,Pediatrics,Clinic,Group Practice,Low,West,Gujarat,Ahmedabad,Tier 1
HCP00943,Jyoti Tak,Female,42,12,General Medicine,Private,Solo Practice,Low,Central,Madhya Pradesh,Bhopal,Tier 2
HCP00944,Yatan Dora,Female,40,13,Dermatology,Government,Group Practice,Medium,Central,Chhattisgarh,Raipur,Tier 2
HCP00945,Nimrat Bajwa,Male,55,30,Cardiology,Medical College,Solo Practice,Medium,North,Haryana,Gurugram,Tier 1
HCP00946,Hiral Andra,Male,57,28,General Medicine,Clinic,Group Practice,Low,North,Uttar Pradesh,Noida,Tier 1
HCP00947,Aarav Puri,Male,30,1,Orthopedics,Clinic,Solo Practice,Low,South,Andhra Pradesh,Visakhapatnam,Tier 2
HCP00948,Hemang Jha,Female,57,30,General Medicine,Clinic,Solo Practice,High,South,Karnataka,Bengaluru,Tier 1
HCP00949,Oni Swamy,Male,68,40,Oncology,Private,Solo Practice,Medium,West,Gujarat,Surat,Tier 2
HCP00950,Lucky Mammen,Female,41,13,Pediatrics,Medical College,Group Practice,Low,South,Tamil Nadu,Coimbatore,Tier 2
HCP00951,Caleb Kata,Female,43,18,Endocrinology,Private,Hospital Attached,High,North,Uttar Pradesh,Lucknow,Tier 1
HCP00952,Kashish Shanker,Male,54,30,General Medicine,Medical College,Hospital Attached,High,North,Uttar Pradesh,Noida,Tier 1
HCP00953,Girish Tiwari,Male,55,27,Endocrinology,Government,Group Practice,Medium,West,Maharashtra,Nagpur,Tier 2
HCP00954,Meera Borde,Male,63,33,General Medicine,Medical College,Solo Practice,Low,West,Goa,Panaji,Tier 2
HCP00955,Radhika De,Female,43,14,Nephrology,Government,Group Practice,Medium,North,Delhi,Dwarka,Tier 1
HCP00956,Bishakha Lal,Male,57,27,Orthopedics,Government,Group Practice,Medium,West,Gujarat,Ahmedabad,Tier 1
HCP00957,Maya Narain,Male,53,28,Gastroenterology,Clinic,Hospital Attached,Medium,West,Maharashtra,Pune,Tier 1
HCP00958,Sneha Magar,Male,68,44,Endocrinology,Clinic,Hospital Attached,Low,North,Chandigarh,Chandigarh,Tier 2
HCP00959,Falan Jain,Female,45,16,Oncology,Private,Hospital Attached,Low,North,Uttar Pradesh,Lucknow,Tier 1
HCP00960,Ikbal Dugal,Female,31,3,Oncology,Clinic,Solo Practice,Low,South,Telangana,Warangal,Tier 2
HCP00961,Nitesh Sengupta,Female,57,29,General Medicine,Clinic,Solo Practice,Medium,East,Odisha,Bhubaneswar,Tier 2
HCP00962,Dipta Ray,Male,63,34,Gastroenterology,Private,Group Practice,Low,West,Goa,Panaji,Tier 2
HCP00963,Ishita Johal,Male,58,29,Oncology,Private,Hospital Attached,High,West,Rajasthan,Jaipur,Tier 2
HCP00964,Darika Sheth,Female,50,24,Pediatrics,Medical College,Group Practice,Low,West,Gujarat,Ahmedabad,Tier 1
HCP00965,Jagdish Chana,Female,50,23,Pediatrics,Government,Group Practice,High,South,Andhra Pradesh,Visakhapatnam,Tier 2
HCP00966,Daksha Baria,Female,56,28,Endocrinology,Government,Solo Practice,High,South,Karnataka,Mysuru,Tier 2
HCP00967,Falak Divan,Female,33,9,Endocrinology,Private,Group Practice,High,South,Karnataka,Mysuru,Tier 2
HCP00968,Yuvraj Parekh,Male,34,9,Cardiology,Private,Group Practice,Low,East,Odisha,Bhubaneswar,Tier 2
HCP00969,Yochana Bawa,Male,61,32,General Medicine,Medical College,Hospital Attached,Medium,North,Delhi,Dwarka,Tier 1
HCP00970,Abha Ghosh,Male,58,32,Pediatrics,Government,Group Practice,Low,Central,Chhattisgarh,Bilaspur,Tier 3
HCP00971,Nidhi Sethi,Male,42,12,Oncology,Clinic,Group Practice,Medium,West,Maharashtra,Pune,Tier 1
HCP00972,Girindra Shere,Female,59,31,Neurology,Medical College,Group Practice,Medium,West,Maharashtra,Nagpur,Tier 2
HCP00973,Logan Dara,Male,47,22,Gastroenterology,Private,Group Practice,Medium,Central,Chhattisgarh,Bilaspur,Tier 3
HCP00974,David Kapadia,Female,31,6,Endocrinology,Medical College,Solo Practice,Medium,North,Chandigarh,Chandigarh,Tier 2
HCP00975,Rudra Rattan,Male,62,36,General Medicine,Private,Hospital Attached,Medium,West,Rajasthan,Jaipur,Tier 2
HCP00976,Frado Lad,Male,38,13,General Medicine,Clinic,Hospital Attached,Low,East,Assam,Guwahati,Tier 2
HCP00977,Anthony Bhattacharyya,Female,51,26,Cardiology,Government,Hospital Attached,Medium,West,Rajasthan,Jaipur,Tier 2
HCP00978,Sachi Dave,Female,37,11,Pediatrics,Private,Hospital Attached,Medium,West,Maharashtra,Mumbai,Tier 1
HCP00979,Garima Das,Male,53,26,Pulmonology,Medical College,Group Practice,Low,North,Delhi,New Delhi,Tier 1
HCP00980,Triya Bedi,Female,46,19,Dermatology,Private,Hospital Attached,High,West,Goa,Panaji,Tier 2
HCP00981,Rachita Rana,Female,49,20,General Medicine,Medical College,Solo Practice,Low,East,Odisha,Bhubaneswar,Tier 2
HCP00982,Ayushman Raja,Male,47,23,Endocrinology,Private,Group Practice,Medium,Central,Chhattisgarh,Raipur,Tier 2
HCP00983,Orinder Pandya,Female,31,3,Neurology,Private,Group Practice,Low,North,Uttar Pradesh,Lucknow,Tier 1
HCP00984,Rachit Maharaj,Male,62,32,Pediatrics,Government,Hospital Attached,Medium,South,Karnataka,Bengaluru,Tier 1
HCP00985,Sanaya Dixit,Female,48,20,Orthopedics,Government,Hospital Attached,Medium,North,Chandigarh,Chandigarh,Tier 2
HCP00986,Yatan Merchant,Male,55,29,Endocrinology,Government,Group Practice,Medium,North,Punjab,Amritsar,Tier 2
HCP00987,Nisha Srinivas,Female,56,26,Orthopedics,Private,Hospital Attached,High,North,Punjab,Ludhiana,Tier 2
HCP00988,Gagan Mammen,Female,56,30,General Medicine,Medical College,Hospital Attached,High,North,Delhi,Dwarka,Tier 1
HCP00989,Laksh Saini,Male,65,37,General Medicine,Private,Group Practice,Medium,North,Uttar Pradesh,Noida,Tier 1
HCP00990,Zaid Bahl,Female,32,4,Pulmonology,Government,Solo Practice,Medium,South,Karnataka,Mysuru,Tier 2
HCP00991,Jagrati Srinivasan,Female,54,29,Orthopedics,Private,Solo Practice,Low,West,Maharashtra,Nagpur,Tier 2
HCP00992,Hemangini Thakkar,Female,46,18,Pediatrics,Clinic,Hospital Attached,Medium,Central,Madhya Pradesh,Indore,Tier 2
HCP00993,Lipika Madan,Female,42,18,Gastroenterology,Private,Group Practice,Medium,Central,Madhya Pradesh,Bhopal,Tier 2
HCP00994,Atharv Nagar,Female,35,6,Neurology,Clinic,Group Practice,Low,West,Rajasthan,Jaipur,Tier 2
HCP00995,Ayushman Mand,Male,29,5,Pulmonology,Medical College,Solo Practice,Medium,North,Uttar Pradesh,Lucknow,Tier 1
HCP00996,Urmi Wagle,Female,65,38,Orthopedics,Clinic,Hospital Attached,Medium,East,Assam,Guwahati,Tier 2
HCP00997,Viraj Dutta,Male,51,23,Pulmonology,Government,Group Practice,Low,South,Andhra Pradesh,Visakhapatnam,Tier 2
HCP00998,Yug Khosla,Male,37,11,Pediatrics,Private,Group Practice,Low,East,Assam,Guwahati,Tier 2
HCP00999,Daksh Kanda,Female,51,24,Neurology,Clinic,Solo Practice,Medium,East,Assam,Guwahati,Tier 2
HCP01000,Isha Ghose,Male,60,35,Pulmonology,Private,Solo Practice,Medium,Central,Madhya Pradesh,Indore,Tier 2
HCP01001,Warjas Nadkarni,Male,62,36,Dermatology,Clinic,Group Practice,Medium,North,Chandigarh,Chandigarh,Tier 2
HCP01002,Ayaan Pandey,Female,34,6,Orthopedics,Private,Solo Practice,Low,Central,Madhya Pradesh,Bhopal,Tier 2
HCP01003,Raghav Tailor,Female,51,21,Pediatrics,Clinic,Solo Practice,Low,North,Haryana,Gurugram,Tier 1
HCP01004,Parth Swaminathan,Male,60,35,Gastroenterology,Government,Group Practice,Medium,Central,Madhya Pradesh,Bhopal,Tier 2
HCP01005,Gautam Bhalla,Male,35,5,General Medicine,Government,Group Practice,Medium,West,Maharashtra,Nagpur,Tier 2
HCP01006,Theodore Bahri,Female,36,6,Pediatrics,Clinic,Solo Practice,High,Central,Madhya Pradesh,Bhopal,Tier 2
HCP01007,Aadi Narula,Male,35,10,General Medicine,Private,Hospital Attached,Low,East,Bihar,Patna,Tier 2
HCP01008,Kalpit Oak,Male,41,16,Nephrology,Medical College,Hospital Attached,High,Central,Madhya Pradesh,Indore,Tier 2
HCP01009,Ekiya Bhargava,Male,32,8,Gastroenterology,Medical College,Solo Practice,Low,West,Maharashtra,Pune,Tier 1
HCP01010,Manbir Dhar,Male,60,32,General Medicine,Government,Group Practice,Low,West,Maharashtra,Mumbai,Tier 1
HCP01011,Janya Bora,Female,28,1,General Medicine,Government,Hospital Attached,Low,South,Telangana,Warangal,Tier 2
HCP01012,Meghana Chaudhuri,Male,39,10,Endocrinology,Government,Solo Practice,High,East,Jharkhand,Ranchi,Tier 2
HCP01013,Chasmum Naidu,Female,65,39,Endocrinology,Private,Hospital Attached,Medium,West,Maharashtra,Nagpur,Tier 2
HCP01014,Nakul Sarkar,Male,65,35,General Medicine,Private,Hospital Attached,Low,West,Goa,Panaji,Tier 2
HCP01015,Edhitha Ghosh,Female,38,8,Orthopedics,Government,Solo Practice,High,South,Karnataka,Mysuru,Tier 2
HCP01016,Udant Gill,Female,51,22,Orthopedics,Medical College,Hospital Attached,High,East,West Bengal,Kolkata,Tier 1
HCP01017,Damyanti Menon,Male,50,23,Pediatrics,Private,Group Practice,Low,Central,Madhya Pradesh,Bhopal,Tier 2
HCP01018,Peter Agarwal,Female,35,8,General Medicine,Private,Group Practice,High,North,Punjab,Amritsar,Tier 2
HCP01019,Bachittar Gopal,Female,63,34,General Medicine,Clinic,Group Practice,Low,North,Delhi,Dwarka,Tier 1
HCP01020,Timothy Chawla,Female,57,29,Pulmonology,Medical College,Solo Practice,Medium,West,Goa,Panaji,Tier 2
HCP01021,Lohit Narula,Female,55,30,Dermatology,Medical College,Hospital Attached,Medium,North,Punjab,Ludhiana,Tier 2
HCP01022,Wazir Palan,Male,59,30,General Medicine,Medical College,Hospital Attached,Medium,South,Tamil Nadu,Chennai,Tier 1
HCP01023,Oliver Chakrabarti,Male,35,10,Endocrinology,Government,Hospital Attached,High,West,Maharashtra,Mumbai,Tier 1
HCP01024,Sanya Apte,Male,32,6,Psychiatry,Clinic,Solo Practice,Medium,West,Goa,Margao,Tier 3
HCP01025,Shaurya Krish,Female,35,10,Gastroenterology,Medical College,Group Practice,High,South,Tamil Nadu,Chennai,Tier 1
HCP01026,Inaya Kunda,Female,53,27,Pediatrics,Medical College,Group Practice,Medium,East,Odisha,Bhubaneswar,Tier 2
HCP01027,Aarav Bava,Male,57,33,General Medicine,Medical College,Group Practice,Low,East,Assam,Guwahati,Tier 2
HCP01028,Raksha Saini,Male,29,5,Pulmonology,Government,Group Practice,Medium,West,Maharashtra,Nagpur,Tier 2
HCP01029,Odika Tailor,Male,52,24,Neurology,Private,Group Practice,Medium,South,Tamil Nadu,Coimbatore,Tier 2
HCP01030,Indali Prashad,Male,32,3,Pulmonology,Medical College,Group Practice,Low,Central,Chhattisgarh,Bilaspur,Tier 3
HCP01031,Varenya Kar,Female,59,31,Cardiology,Clinic,Hospital Attached,Medium,South,Telangana,Warangal,Tier 2
HCP01032,Siya Borah,Male,55,31,Endocrinology,Clinic,Group Practice,Medium,West,Gujarat,Surat,Tier 2
HCP01033,Chaitaly Bahri,Male,30,5,Orthopedics,Clinic,Hospital Attached,Low,Central,Chhattisgarh,Raipur,Tier 2
HCP01034,Advika Cheema,Female,36,10,Pulmonology,Medical College,Solo Practice,Medium,North,Punjab,Amritsar,Tier 2
HCP01035,Hema Garde,Female,63,34,Orthopedics,Medical College,Group Practice,Medium,West,Goa,Margao,Tier 3
HCP01036,Naveen Borde,Male,60,36,Endocrinology,Medical College,Hospital Attached,High,South,Kerala,Kochi,Tier 2
HCP01037,Hamsini Subramanian,Female,46,20,General Medicine,Government,Solo Practice,High,East,Jharkhand,Ranchi,Tier 2
HCP01038,Raagini Gala,Female,65,41,Pulmonology,Clinic,Group Practice,Low,North,Uttar Pradesh,Noida,Tier 1
HCP01039,Naksh Bera,Female,50,23,Endocrinology,Private,Solo Practice,Low,Central,Madhya Pradesh,Indore,Tier 2
HCP01040,Garima Jha,Female,65,41,Oncology,Government,Group Practice,Low,North,Haryana,Gurugram,Tier 1
HCP01041,Nimrat Zachariah,Male,29,1,Endocrinology,Medical College,Hospital Attached,High,South,Telangana,Warangal,Tier 2
HCP01042,Baghyawati Mishra,Female,45,21,Pulmonology,Government,Group Practice,Medium,South,Telangana,Hyderabad,Tier 1
HCP01043,Gopal Bawa,Female,48,20,General Medicine,Medical College,Solo Practice,Medium,South,Telangana,Warangal,Tier 2
HCP01044,Vritti Dube,Male,49,22,Pediatrics,Clinic,Solo Practice,Medium,South,Telangana,Warangal,Tier 2
HCP01045,Jalsa Aggarwal,Female,55,30,Pediatrics,Government,Hospital Attached,Low,East,Odisha,Bhubaneswar,Tier 2
HCP01046,Gagan Menon,Female,31,5,Nephrology,Medical College,Solo Practice,Medium,Central,Chhattisgarh,Raipur,Tier 2
HCP01047,Ryan Chatterjee,Male,65,41,Orthopedics,Clinic,Solo Practice,Medium,East,Assam,Guwahati,Tier 2
HCP01048,Samuel Garde,Female,55,30,Endocrinology,Government,Hospital Attached,High,North,Uttar Pradesh,Lucknow,Tier 1
HCP01049,Finn Solanki,Female,55,26,Orthopedics,Private,Group Practice,Medium,South,Karnataka,Bengaluru,Tier 1
HCP01050,Darika Rao,Female,63,38,Dermatology,Private,Hospital Attached,Medium,West,Maharashtra,Mumbai,Tier 1
HCP01051,Vrinda Lanka,Female,45,16,Orthopedics,Medical College,Hospital Attached,High,North,Uttar Pradesh,Noida,Tier 1
HCP01052,Lila Goyal,Male,61,36,Endocrinology,Private,Solo Practice,Low,North,Chandigarh,Chandigarh,Tier 2
HCP01053,Lakshmi Pingle,Female,55,28,Cardiology,Government,Hospital Attached,Low,North,Chandigarh,Chandigarh,Tier 2
HCP01054,Sanaya Basu,Female,45,15,Cardiology,Private,Group Practice,Medium,West,Goa,Panaji,Tier 2
HCP01055,Ria Shroff,Male,53,28,General Medicine,Private,Solo Practice,Low,West,Maharashtra,Nagpur,Tier 2
HCP01056,Upkaar Luthra,Female,57,30,Orthopedics,Medical College,Group Practice,Medium,North,Delhi,Dwarka,Tier 1
HCP01057,Matthew Chatterjee,Male,40,15,Cardiology,Government,Group Practice,High,South,Kerala,Kochi,Tier 2
HCP01058,Hemangini Sachdev,Female,63,38,Neurology,Government,Hospital Attached,Medium,South,Tamil Nadu,Coimbatore,Tier 2
HCP01059,Darsh Ram,Male,31,1,Dermatology,Clinic,Hospital Attached,Medium,North,Uttar Pradesh,Noida,Tier 1
HCP01060,Vaishnavi Keer,Male,54,28,Neurology,Government,Group Practice,High,West,Gujarat,Ahmedabad,Tier 1
HCP01061,Chandani Brar,Male,43,19,Orthopedics,Government,Hospital Attached,Medium,West,Maharashtra,Nagpur,Tier 2
HCP01062,Bakhshi Thakkar,Female,59,35,Cardiology,Government,Group Practice,Medium,East,Bihar,Patna,Tier 2
HCP01063,Jai Sen,Female,43,16,Cardiology,Government,Solo Practice,Low,West,Goa,Panaji,Tier 2
HCP01064,Oliver Kakar,Female,56,29,Cardiology,Government,Group Practice,Medium,North,Delhi,New Delhi,Tier 1
HCP01065,Jonathan Basak,Male,48,20,Pediatrics,Private,Group Practice,High,East,Bihar,Patna,Tier 2
HCP01066,Farhan Saran,Male,51,24,Pulmonology,Clinic,Solo Practice,Medium,South,Telangana,Warangal,Tier 2
HCP01067,Manbir Kuruvilla,Male,31,2,Oncology,Private,Group Practice,Medium,North,Uttar Pradesh,Lucknow,Tier 1
HCP01068,Ekalinga Chahal,Female,68,39,Endocrinology,Government,Hospital Attached,High,Central,Madhya Pradesh,Indore,Tier 2
HCP01069,Mekhala Nanda,Female,52,28,Oncology,Medical College,Group Practice,Medium,North,Punjab,Ludhiana,Tier 2
HCP01070,Zinal Shanker,Male,47,22,Dermatology,Private,Group Practice,Medium,West,Maharashtra,Pune,Tier 1
HCP01071,Oni Chowdhury,Female,30,4,Dermatology,Medical College,Group Practice,High,Central,Madhya Pradesh,Bhopal,Tier 2
HCP01072,Mason Divan,Female,55,25,General Medicine,Private,Hospital Attached,Medium,South,Andhra Pradesh,Visakhapatnam,Tier 2
HCP01073,Hitesh Chaudhuri,Male,50,23,Orthopedics,Clinic,Group Practice,Medium,North,Uttar Pradesh,Lucknow,Tier 1
HCP01074,Hemangini Roy,Male,39,10,Pediatrics,Private,Solo Practice,Medium,West,Gujarat,Surat,Tier 2
HCP01075,Leela Sunder,Female,48,20,General Medicine,Private,Solo Practice,Medium,South,Andhra Pradesh,Visakhapatnam,Tier 2
HCP01076,Baljiwan Gera,Male,66,37,Endocrinology,Clinic,Group Practice,Medium,East,Bihar,Patna,Tier 2
HCP01077,Neha Dhawan,Male,44,19,Neurology,Clinic,Group Practice,Low,Central,Chhattisgarh,Bilaspur,Tier 3
HCP01078,Balvan Randhawa,Female,51,26,Endocrinology,Medical College,Hospital Attached,Low,East,Odisha,Bhubaneswar,Tier 2
HCP01079,Wazir Bawa,Male,63,34,Neurology,Private,Solo Practice,High,West,Maharashtra,Mumbai,Tier 1
HCP01080,Amruta Pradhan,Male,44,15,Dermatology,Government,Group Practice,Medium,West,Goa,Panaji,Tier 2
HCP01081,Geetika Mitter,Female,37,13,Psychiatry,Private,Hospital Attached,Low,North,Haryana,Gurugram,Tier 1
HCP01082,Avni Swamy,Female,57,27,Neurology,Government,Solo Practice,High,East,West Bengal,Siliguri,Tier 2
HCP01083,Vedant Desai,Male,45,19,Pulmonology,Medical College,Solo Practice,Medium,Central,Madhya Pradesh,Bhopal,Tier 2
HCP01084,Saanvi Nagi,Male,66,41,Nephrology,Clinic,Hospital Attached,Medium,West,Gujarat,Surat,Tier 2
HCP01085,Omaja Chakraborty,Female,39,12,Gastroenterology,Government,Group Practice,High,South,Andhra Pradesh,Visakhapatnam,Tier 2
HCP01086,Riya Kakar,Male,67,40,Oncology,Clinic,Hospital Attached,Medium,North,Punjab,Amritsar,Tier 2
HCP01087,Vedhika Varty,Female,33,9,Pediatrics,Clinic,Hospital Attached,Medium,West,Rajasthan,Jaipur,Tier 2
HCP01088,Daksh Varma,Male,52,23,Pediatrics,Clinic,Solo Practice,Low,Central,Madhya Pradesh,Bhopal,Tier 2
HCP01089,Dominic Mukhopadhyay,Male,31,5,Oncology,Medical College,Group Practice,High,South,Telangana,Hyderabad,Tier 1
HCP01090,Krishna Viswanathan,Male,28,2,Pediatrics,Medical College,Group Practice,High,Central,Chhattisgarh,Raipur,Tier 2
HCP01091,Oscar Hans,Female,36,8,General Medicine,Private,Group Practice,Low,North,Haryana,Gurugram,Tier 1
HCP01092,Dalbir Krish,Female,49,22,General Medicine,Clinic,Hospital Attached,Medium,South,Telangana,Hyderabad,Tier 1
HCP01093,Tanmayi Bedi,Male,44,20,Cardiology,Private,Group Practice,High,East,Bihar,Patna,Tier 2
HCP01094,Rushil Mahal,Female,51,24,Cardiology,Clinic,Hospital Attached,High,West,Maharashtra,Mumbai,Tier 1
HCP01095,Ucchal Tiwari,Female,61,35,Pediatrics,Private,Group Practice,High,East,Jharkhand,Ranchi,Tier 2
HCP01096,Jatin Balasubramanian,Female,37,9,Dermatology,Medical College,Solo Practice,Low,East,Bihar,Patna,Tier 2
HCP01097,Kashish Suresh,Male,42,17,General Medicine,Clinic,Solo Practice,High,South,Karnataka,Mysuru,Tier 2
HCP01098,Peter Som,Female,35,8,General Medicine,Clinic,Hospital Attached,Medium,West,Goa,Margao,Tier 3
HCP01099,Hemangini Gade,Female,59,35,Dermatology,Private,Solo Practice,Medium,South,Karnataka,Bengaluru,Tier 1
HCP01100,Gautam Mane,Male,46,21,Gastroenterology,Clinic,Hospital Attached,High,West,Maharashtra,Nagpur,Tier 2
HCP01101,Libni Bawa,Male,65,41,Orthopedics,Private,Group Practice,High,South,Telangana,Hyderabad,Tier 1
HCP01102,Tanish Kant,Male,59,30,General Medicine,Clinic,Solo Practice,Medium,South,Telangana,Hyderabad,Tier 1
HCP01103,Samuel Luthra,Male,53,27,Orthopedics,Government,Group Practice,Low,North,Punjab,Ludhiana,Tier 2
HCP01104,Yochana Bahri,Male,57,27,Pulmonology,Medical College,Group Practice,Medium,East,Assam,Guwahati,Tier 2
HCP01105,Urvi Deo,Female,66,37,General Medicine,Government,Hospital Attached,Medium,East,Odisha,Bhubaneswar,Tier 2
HCP01106,Abhiram Kapur,Female,48,19,Nephrology,Private,Solo Practice,High,Central,Chhattisgarh,Bilaspur,Tier 3
HCP01107,Dalaja Maharaj,Female,48,18,General Medicine,Government,Hospital Attached,High,West,Maharashtra,Pune,Tier 1
HCP01108,Krisha Palla,Female,33,6,Cardiology,Private,Group Practice,Low,South,Kerala,Kochi,Tier 2
HCP01109,Zayyan Kamdar,Male,38,11,Gastroenterology,Clinic,Hospital Attached,High,South,Tamil Nadu,Coimbatore,Tier 2
HCP01110,Chasmum Verma,Male,35,9,Pediatrics,Medical College,Hospital Attached,High,Central,Chhattisgarh,Raipur,Tier 2
HCP01111,Harsh Amble,Female,66,41,Endocrinology,Government,Group Practice,Medium,North,Delhi,New Delhi,Tier 1
HCP01112,Barkha Misra,Female,56,29,Pediatrics,Medical College,Solo Practice,High,Central,Madhya Pradesh,Bhopal,Tier 2
HCP01113,Vasatika Bhatt,Female,67,42,Pediatrics,Medical College,Solo Practice,Low,West,Maharashtra,Nagpur,Tier 2
HCP01114,Aradhana Nair,Female,57,28,Cardiology,Private,Group Practice,Medium,West,Maharashtra,Nagpur,Tier 2
HCP01115,Advika Misra,Male,46,19,Pediatrics,Medical College,Group Practice,Low,South,Karnataka,Bengaluru,Tier 1
HCP01116,Mason Varughese,Male,47,17,Cardiology,Medical College,Group Practice,Medium,North,Delhi,Dwarka,Tier 1
HCP01117,Dakshesh Raval,Male,30,2,General Medicine,Medical College,Group Practice,Low,North,Delhi,New Delhi,Tier 1
HCP01118,Logan Bal,Female,50,24,Orthopedics,Government,Solo Practice,High,North,Punjab,Ludhiana,Tier 2
HCP01119,Chakrika Lad,Female,39,9,General Medicine,Medical College,Solo Practice,Low,Central,Chhattisgarh,Raipur,Tier 2
HCP01120,Nidhi Rama,Female,48,20,Pulmonology,Medical College,Hospital Attached,High,Central,Chhattisgarh,Raipur,Tier 2
HCP01121,Ranveer Oza,Female,39,14,General Medicine,Clinic,Hospital Attached,Low,South,Kerala,Kochi,Tier 2
HCP01122,Vamakshi Parmer,Male,28,1,General Medicine,Private,Hospital Attached,Medium,South,Karnataka,Mysuru,Tier 2
HCP01123,Onkar Golla,Female,66,37,Pediatrics,Clinic,Hospital Attached,Medium,South,Kerala,Kochi,Tier 2
HCP01124,Gunbir Sinha,Female,47,23,General Medicine,Government,Solo Practice,Low,East,West Bengal,Siliguri,Tier 2
HCP01125,Aarna Goswami,Male,40,10,General Medicine,Medical College,Hospital Attached,Low,Central,Chhattisgarh,Bilaspur,Tier 3
HCP01126,Gaurav Kapadia,Male,55,25,Neurology,Private,Solo Practice,Medium,North,Delhi,Dwarka,Tier 1
HCP01127,Udant Mohanty,Female,37,10,Pediatrics,Government,Solo Practice,High,West,Goa,Panaji,Tier 2
HCP01128,Garima Prabhu,Female,59,32,General Medicine,Medical College,Hospital Attached,Low,South,Telangana,Warangal,Tier 2
HCP01129,Chaitaly Sheth,Female,64,34,Gastroenterology,Government,Group Practice,Low,North,Delhi,Dwarka,Tier 1
HCP01130,Upma Bera,Female,54,24,Pediatrics,Clinic,Solo Practice,Medium,West,Gujarat,Ahmedabad,Tier 1
HCP01131,Urmi Hayer,Female,60,32,Pulmonology,Medical College,Solo Practice,High,West,Rajasthan,Jaipur,Tier 2
HCP01132,Lakshmi Wagle,Male,55,27,Cardiology,Government,Group Practice,High,North,Delhi,Dwarka,Tier 1
HCP01133,Odika Bhagat,Female,58,34,Pediatrics,Clinic,Group Practice,Medium,North,Delhi,Dwarka,Tier 1
HCP01134,Laksh Iyer,Male,38,12,Pulmonology,Medical College,Group Practice,Medium,West,Goa,Panaji,Tier 2
HCP01135,Nimrat Shankar,Male,65,36,Endocrinology,Medical College,Solo Practice,High,North,Delhi,New Delhi,Tier 1
HCP01136,Diya Gole,Female,54,24,Oncology,Clinic,Group Practice,High,South,Andhra Pradesh,Visakhapatnam,Tier 2
HCP01137,Vinaya Natarajan,Male,67,42,Cardiology,Government,Hospital Attached,Medium,East,West Bengal,Siliguri,Tier 2
HCP01138,Dhriti Bhardwaj,Male,40,15,Orthopedics,Government,Group Practice,High,Central,Chhattisgarh,Bilaspur,Tier 3
HCP01139,Siya Mahal,Female,47,22,Cardiology,Government,Solo Practice,Medium,West,Goa,Margao,Tier 3
HCP01140,Om Dutt,Female,50,21,General Medicine,Government,Solo Practice,Medium,Central,Madhya Pradesh,Indore,Tier 2
HCP01141,Gaurang Dayal,Male,67,42,General Medicine,Private,Group Practice,Medium,East,Assam,Guwahati,Tier 2
HCP01142,Pushti Raval,Female,50,20,General Medicine,Clinic,Solo Practice,High,North,Haryana,Gurugram,Tier 1
HCP01143,Vansha Rajagopal,Male,31,4,Gastroenterology,Government,Solo Practice,High,West,Gujarat,Surat,Tier 2
HCP01144,Baljiwan Walla,Male,63,39,Pediatrics,Private,Hospital Attached,Low,North,Haryana,Gurugram,Tier 1
HCP01145,Kashvi Atwal,Male,51,26,Pulmonology,Medical College,Hospital Attached,Medium,South,Andhra Pradesh,Visakhapatnam,Tier 2
HCP01146,Rayaan Badami,Male,37,8,Endocrinology,Private,Solo Practice,High,Central,Madhya Pradesh,Bhopal,Tier 2
HCP01147,Yuvraj Kara,Female,54,24,Pulmonology,Private,Group Practice,Medium,Central,Madhya Pradesh,Bhopal,Tier 2
HCP01148,Devika Dayal,Male,33,7,Endocrinology,Medical College,Group Practice,Medium,West,Maharashtra,Mumbai,Tier 1
HCP01149,Leela Thakur,Male,37,7,Pulmonology,Medical College,Solo Practice,Low,North,Uttar Pradesh,Lucknow,Tier 1
HCP01150,Oliver Bhattacharyya,Female,54,27,Dermatology,Clinic,Solo Practice,Medium,East,Jharkhand,Ranchi,Tier 2
HCP01151,Chanchal Mannan,Male,61,37,General Medicine,Clinic,Group Practice,High,Central,Chhattisgarh,Bilaspur,Tier 3
HCP01152,Zinal Viswanathan,Male,55,31,Endocrinology,Government,Hospital Attached,High,East,Odisha,Bhubaneswar,Tier 2
HCP01153,Radha Desai,Male,64,40,Psychiatry,Clinic,Group Practice,Medium,West,Goa,Panaji,Tier 2
HCP01154,Vrishti Parmer,Female,48,22,General Medicine,Clinic,Hospital Attached,Medium,North,Chandigarh,Chandigarh,Tier 2
HCP01155,Nitesh Raval,Male,53,26,Neurology,Medical College,Hospital Attached,Medium,North,Punjab,Ludhiana,Tier 2
HCP01156,Vedant Kapur,Female,40,14,General Medicine,Clinic,Group Practice,High,North,Uttar Pradesh,Noida,Tier 1
HCP01157,Siddharth Bains,Male,61,33,Cardiology,Government,Hospital Attached,Medium,Central,Chhattisgarh,Raipur,Tier 2
HCP01158,Jatin Peri,Female,68,43,General Medicine,Clinic,Solo Practice,High,West,Gujarat,Surat,Tier 2
HCP01159,Keya Kumer,Female,55,27,General Medicine,Government,Group Practice,Medium,North,Chandigarh,Chandigarh,Tier 2
HCP01160,Chanakya Chokshi,Female,35,11,Pulmonology,Government,Group Practice,Medium,Central,Madhya Pradesh,Indore,Tier 2
HCP01161,Chanakya D’Alia,Male,57,31,Nephrology,Private,Group Practice,Medium,North,Uttar Pradesh,Noida,Tier 1
HCP01162,Sachi Rai,Male,52,24,Pulmonology,Government,Group Practice,Medium,South,Karnataka,Bengaluru,Tier 1
HCP01163,Zayyan Som,Male,51,24,General Medicine,Medical College,Group Practice,Low,West,Gujarat,Ahmedabad,Tier 1
HCP01164,Samesh Andra,Male,55,30,Pediatrics,Medical College,Solo Practice,Medium,West,Gujarat,Ahmedabad,Tier 1
HCP01165,Osha Chaudhuri,Female,65,37,Pediatrics,Medical College,Group Practice,Medium,Central,Madhya Pradesh,Bhopal,Tier 2
HCP01166,Laksh Sahota,Female,56,27,Oncology,Medical College,Hospital Attached,High,East,West Bengal,Kolkata,Tier 1
HCP01167,Yasti Dalal,Male,37,9,General Medicine,Medical College,Solo Practice,High,North,Delhi,Dwarka,Tier 1
HCP01168,Ishaan Cherian,Male,41,14,Pediatrics,Private,Hospital Attached,Medium,West,Goa,Margao,Tier 3
HCP01169,Rushil Iyengar,Male,66,36,Endocrinology,Government,Group Practice,Medium,South,Karnataka,Bengaluru,Tier 1
HCP01170,Saksham Parmar,Male,61,36,General Medicine,Clinic,Group Practice,Medium,South,Tamil Nadu,Chennai,Tier 1
HCP01171,Chakrika Dyal,Female,29,1,General Medicine,Medical College,Solo Practice,High,West,Maharashtra,Mumbai,Tier 1
HCP01172,Watika Johal,Female,46,21,General Medicine,Medical College,Solo Practice,Low,East,Assam,Guwahati,Tier 2
HCP01173,Ganga Keer,Female,32,2,General Medicine,Medical College,Hospital Attached,Medium,West,Rajasthan,Jaipur,Tier 2
HCP01174,Agastya Chakraborty,Female,49,19,Endocrinology,Private,Solo Practice,Medium,East,Odisha,Bhubaneswar,Tier 2
HCP01175,Wakeeta Dixit,Female,56,27,Pediatrics,Clinic,Solo Practice,High,East,West Bengal,Siliguri,Tier 2
HCP01176,Yasti Borde,Female,52,27,Oncology,Clinic,Hospital Attached,Low,West,Rajasthan,Jaipur,Tier 2
HCP01177,Aahana Kashyap,Female,45,16,General Medicine,Private,Hospital Attached,Low,Central,Madhya Pradesh,Indore,Tier 2
HCP01178,Chaman Lalla,Female,63,34,General Medicine,Government,Solo Practice,High,North,Chandigarh,Chandigarh,Tier 2
HCP01179,Chandresh Chaudhry,Male,64,36,General Medicine,Medical College,Hospital Attached,High,South,Telangana,Warangal,Tier 2
HCP01180,Balveer Mannan,Male,62,37,Psychiatry,Clinic,Solo Practice,Low,West,Goa,Margao,Tier 3
HCP01181,Dhriti Sandhu,Female,33,3,Orthopedics,Clinic,Group Practice,Medium,West,Gujarat,Ahmedabad,Tier 1
HCP01182,Girish Bath,Female,29,3,Pediatrics,Medical College,Solo Practice,High,North,Uttar Pradesh,Noida,Tier 1
HCP01183,Lakshit Garde,Female,52,26,General Medicine,Government,Hospital Attached,Low,East,West Bengal,Siliguri,Tier 2
HCP01184,Ishita Sarma,Male,39,13,Pulmonology,Private,Group Practice,High,North,Chandigarh,Chandigarh,Tier 2
HCP01185,Girik Pradhan,Male,31,3,Psychiatry,Private,Solo Practice,High,South,Telangana,Warangal,Tier 2
HCP01186,Qadim Comar,Female,52,28,Endocrinology,Medical College,Group Practice,Medium,North,Punjab,Ludhiana,Tier 2
HCP01187,Mugdha Shan,Male,31,6,Cardiology,Private,Group Practice,Medium,East,Jharkhand,Ranchi,Tier 2
HCP01188,Lekha Sridhar,Female,35,9,General Medicine,Medical College,Hospital Attached,Medium,North,Uttar Pradesh,Noida,Tier 1
HCP01189,Ojas Chowdhury,Female,29,2,Neurology,Government,Group Practice,Medium,East,Odisha,Bhubaneswar,Tier 2
HCP01190,Daniel Dutta,Male,43,13,Orthopedics,Private,Group Practice,Medium,North,Uttar Pradesh,Noida,Tier 1
HCP01191,Omaja Subramanian,Female,33,3,Neurology,Private,Solo Practice,Medium,West,Goa,Margao,Tier 3
HCP01192,Pratyush Raghavan,Male,43,15,Psychiatry,Medical College,Solo Practice,Low,West,Gujarat,Surat,Tier 2
HCP01193,Ayush De,Female,67,41,Neurology,Private,Solo Practice,Low,East,Bihar,Patna,Tier 2
HCP01194,Vinaya Chowdhury,Female,45,17,Cardiology,Medical College,Group Practice,High,Central,Chhattisgarh,Raipur,Tier 2
HCP01195,Ridhi Batra,Male,65,35,Pediatrics,Government,Solo Practice,High,West,Gujarat,Ahmedabad,Tier 1
HCP01196,Advika Murthy,Male,47,23,Endocrinology,Government,Solo Practice,High,South,Telangana,Warangal,Tier 2
HCP01197,Udarsh Nigam,Female,55,30,Neurology,Clinic,Hospital Attached,High,North,Delhi,New Delhi,Tier 1
HCP01198,Rachita Kothari,Female,56,30,Cardiology,Clinic,Group Practice,Low,East,Bihar,Patna,Tier 2
HCP01199,Hiral Rajan,Female,29,1,General Medicine,Government,Hospital Attached,Medium,South,Karnataka,Mysuru,Tier 2
HCP01200,Chatura Apte,Male,39,12,Orthopedics,Medical College,Group Practice,Medium,North,Punjab,Amritsar,Tier 2
HCP01201,Yashasvi Singh,Male,62,38,Dermatology,Medical College,Hospital Attached,Low,West,Gujarat,Ahmedabad,Tier 1
HCP01202,Noah Borde,Female,66,40,Endocrinology,Government,Solo Practice,Medium,East,Assam,Guwahati,Tier 2
HCP01203,Ekani Khosla,Male,56,32,Cardiology,Government,Group Practice,Medium,East,West Bengal,Siliguri,Tier 2
HCP01204,Arunima Bedi,Female,40,16,Gastroenterology,Clinic,Hospital Attached,Low,South,Telangana,Warangal,Tier 2
HCP01205,Kritika Rau,Female,51,27,Cardiology,Private,Solo Practice,Low,West,Gujarat,Ahmedabad,Tier 1
HCP01206,Farhan Sharaf,Female,35,5,Cardiology,Medical College,Solo Practice,Medium,West,Gujarat,Ahmedabad,Tier 1
HCP01207,Sara Chakrabarti,Male,32,4,General Medicine,Government,Solo Practice,Medium,West,Maharashtra,Nagpur,Tier 2
HCP01208,Sanya Mutti,Male,61,32,Gastroenterology,Private,Hospital Attached,Low,West,Rajasthan,Jaipur,Tier 2
HCP01209,Widisha Badami,Female,63,36,General Medicine,Medical College,Hospital Attached,Medium,South,Karnataka,Bengaluru,Tier 1
HCP01210,Netra Sachar,Male,48,21,Dermatology,Medical College,Group Practice,Low,South,Andhra Pradesh,Visakhapatnam,Tier 2
HCP01211,Aadi Chand,Female,59,33,Pediatrics,Government,Hospital Attached,Low,West,Goa,Panaji,Tier 2
HCP01212,Yashoda Jhaveri,Female,54,26,Pediatrics,Government,Group Practice,Low,North,Punjab,Ludhiana,Tier 2
HCP01213,Harita Patla,Male,64,34,General Medicine,Private,Hospital Attached,Medium,North,Chandigarh,Chandigarh,Tier 2
HCP01214,Udant Sha,Male,43,18,General Medicine,Clinic,Solo Practice,Medium,South,Andhra Pradesh,Visakhapatnam,Tier 2
HCP01215,Urvashi Patla,Male,29,2,Pediatrics,Government,Hospital Attached,High,East,West Bengal,Kolkata,Tier 1
HCP01216,Ishaan Chatterjee,Female,44,19,General Medicine,Private,Group Practice,High,South,Telangana,Hyderabad,Tier 1
HCP01217,Aarnav Om,Female,61,31,Cardiology,Government,Hospital Attached,Medium,South,Telangana,Warangal,Tier 2
HCP01218,Bishakha Vig,Male,68,41,Orthopedics,Government,Solo Practice,High,North,Uttar Pradesh,Lucknow,Tier 1
HCP01219,Hitesh Bath,Female,48,18,Pulmonology,Private,Solo Practice,High,South,Andhra Pradesh,Visakhapatnam,Tier 2
HCP01220,Waida Dey,Female,31,5,Neurology,Medical College,Solo Practice,Low,East,Bihar,Patna,Tier 2
HCP01221,Hredhaan Kumar,Male,63,39,Cardiology,Medical College,Group Practice,Low,East,West Bengal,Kolkata,Tier 1
HCP01222,Raghav Dara,Female,42,12,Orthopedics,Government,Group Practice,Medium,North,Haryana,Gurugram,Tier 1
HCP01223,Tanveer Shankar,Female,67,39,General Medicine,Government,Group Practice,Medium,South,Telangana,Hyderabad,Tier 1
HCP01224,Hamsini Chokshi,Male,34,10,General Medicine,Government,Hospital Attached,High,North,Uttar Pradesh,Lucknow,Tier 1
HCP01225,Chakradhar Dasgupta,Male,64,39,Neurology,Clinic,Group Practice,Medium,East,Odisha,Bhubaneswar,Tier 2
HCP01226,Tanvi Thaman,Female,39,14,General Medicine,Government,Solo Practice,Low,Central,Chhattisgarh,Raipur,Tier 2
HCP01227,Wishi Agrawal,Female,60,31,Pulmonology,Clinic,Hospital Attached,High,West,Rajasthan,Jaipur,Tier 2
HCP01228,Rachita Subramanian,Male,37,10,Cardiology,Clinic,Group Practice,Medium,Central,Chhattisgarh,Raipur,Tier 2
HCP01229,Oscar Dave,Male,61,33,Neurology,Private,Solo Practice,Low,North,Chandigarh,Chandigarh,Tier 2
HCP01230,Lila Nagy,Male,55,29,General Medicine,Private,Hospital Attached,High,West,Maharashtra,Pune,Tier 1
HCP01231,Omya Kothari,Male,49,24,Neurology,Medical College,Hospital Attached,Medium,South,Karnataka,Bengaluru,Tier 1
HCP01232,Mitali Oza,Female,67,41,Endocrinology,Private,Solo Practice,Medium,East,Odisha,Bhubaneswar,Tier 2
HCP01233,Sneha Deol,Male,59,34,Oncology,Private,Hospital Attached,Low,South,Karnataka,Bengaluru,Tier 1
HCP01234,Nitara Vala,Male,43,16,Pulmonology,Clinic,Hospital Attached,Medium,East,West Bengal,Kolkata,Tier 1
HCP01235,Dipta Kalla,Female,39,9,Nephrology,Clinic,Solo Practice,Low,North,Chandigarh,Chandigarh,Tier 2
HCP01236,Shaurya Mannan,Male,63,39,General Medicine,Medical College,Solo Practice,Medium,South,Andhra Pradesh,Visakhapatnam,Tier 2
HCP01237,Kevin Gokhale,Female,30,6,General Medicine,Clinic,Solo Practice,Low,South,Telangana,Warangal,Tier 2
HCP01238,Jack Pandey,Female,39,13,Dermatology,Private,Solo Practice,Low,North,Haryana,Gurugram,Tier 1
HCP01239,Omisha Walla,Male,44,20,General Medicine,Private,Group Practice,Medium,North,Uttar Pradesh,Noida,Tier 1
HCP01240,Pahal Arya,Male,49,24,Cardiology,Private,Group Practice,High,East,Jharkhand,Ranchi,Tier 2
HCP01241,Aryan Raj,Male,61,31,Nephrology,Medical College,Hospital Attached,Low,West,Maharashtra,Pune,Tier 1
HCP01242,Chatresh Bhalla,Male,36,6,General Medicine,Medical College,Hospital Attached,Medium,West,Gujarat,Ahmedabad,Tier 1
HCP01243,Amara Dyal,Female,68,43,Oncology,Private,Hospital Attached,Medium,West,Maharashtra,Pune,Tier 1
HCP01244,Zashil Dhingra,Male,48,23,General Medicine,Clinic,Solo Practice,High,South,Karnataka,Bengaluru,Tier 1
HCP01245,Chakrika Jani,Female,41,12,General Medicine,Medical College,Hospital Attached,Medium,South,Kerala,Kochi,Tier 2
HCP01246,Jagrati Sethi,Male,60,33,Pulmonology,Clinic,Group Practice,Medium,East,Jharkhand,Ranchi,Tier 2
HCP01247,Udarsh Ramachandran,Male,48,19,Endocrinology,Medical College,Hospital Attached,High,North,Uttar Pradesh,Lucknow,Tier 1
HCP01248,Yasti Mani,Female,45,17,Endocrinology,Government,Solo Practice,Low,West,Goa,Margao,Tier 3
HCP01249,Lakshmi Ram,Male,56,26,Cardiology,Private,Group Practice,Medium,South,Tamil Nadu,Chennai,Tier 1
HCP01250,Dhriti Bhagat,Female,64,39,Oncology,Clinic,Group Practice,Medium,South,Karnataka,Bengaluru,Tier 1
HCP01251,Zayan Jain,Male,33,7,Pediatrics,Clinic,Solo Practice,Medium,East,West Bengal,Siliguri,Tier 2
HCP01252,Umang Pillai,Female,60,32,Endocrinology,Medical College,Group Practice,Medium,East,West Bengal,Kolkata,Tier 1
HCP01253,Rishi Menon,Female,59,33,Cardiology,Government,Solo Practice,Medium,South,Tamil Nadu,Coimbatore,Tier 2
HCP01254,Peter Borde,Female,32,6,Oncology,Clinic,Hospital Attached,Medium,West,Maharashtra,Pune,Tier 1
HCP01255,Oscar Varkey,Male,45,20,General Medicine,Government,Group Practice,Low,West,Goa,Panaji,Tier 2
HCP01256,Krishna Baria,Male,49,24,Neurology,Clinic,Group Practice,High,South,Kerala,Kochi,Tier 2
HCP01257,Arya Lalla,Female,40,11,Orthopedics,Private,Hospital Attached,High,North,Chandigarh,Chandigarh,Tier 2
HCP01258,Naveen Kumer,Female,28,1,Cardiology,Clinic,Group Practice,High,West,Goa,Margao,Tier 3
HCP01259,Ganga Shukla,Male,58,29,Pediatrics,Private,Group Practice,Low,North,Delhi,New Delhi,Tier 1
HCP01260,Balveer Dube,Male,58,33,Pediatrics,Medical College,Hospital Attached,High,North,Chandigarh,Chandigarh,Tier 2
HCP01261,Charan Mitra,Female,33,7,Dermatology,Medical College,Hospital Attached,Medium,North,Haryana,Gurugram,Tier 1
HCP01262,Ishita Bora,Female,56,26,Orthopedics,Clinic,Solo Practice,Medium,West,Goa,Panaji,Tier 2
HCP01263,Thomas Gour,Male,47,18,General Medicine,Clinic,Group Practice,Low,West,Goa,Margao,Tier 3
HCP01264,Yashasvi Dutta,Female,53,23,Gastroenterology,Clinic,Group Practice,Medium,South,Andhra Pradesh,Visakhapatnam,Tier 2
HCP01265,Netra Chanda,Male,36,11,Psychiatry,Clinic,Hospital Attached,Medium,West,Gujarat,Ahmedabad,Tier 1
HCP01266,Timothy Kala,Female,52,27,Oncology,Government,Hospital Attached,Medium,North,Uttar Pradesh,Lucknow,Tier 1
HCP01267,Garima Patel,Female,34,8,Orthopedics,Medical College,Hospital Attached,High,North,Chandigarh,Chandigarh,Tier 2
HCP01268,Tejas Wali,Male,38,14,Neurology,Private,Solo Practice,High,East,Bihar,Patna,Tier 2
HCP01269,Aditya Contractor,Female,29,4,General Medicine,Medical College,Group Practice,Low,South,Telangana,Hyderabad,Tier 1
HCP01270,Sanaya Khosla,Female,61,37,Pediatrics,Clinic,Hospital Attached,Low,North,Uttar Pradesh,Lucknow,Tier 1
HCP01271,Balveer Nagi,Female,54,27,General Medicine,Government,Solo Practice,Medium,South,Karnataka,Bengaluru,Tier 1
HCP01272,Ishaan Raju,Female,32,5,Psychiatry,Private,Solo Practice,High,East,Jharkhand,Ranchi,Tier 2
HCP01273,Barkha Bakshi,Female,55,25,Pulmonology,Medical College,Solo Practice,Medium,West,Gujarat,Ahmedabad,Tier 1
HCP01274,Yoshita Trivedi,Female,65,40,Pediatrics,Medical College,Group Practice,Low,East,Jharkhand,Ranchi,Tier 2
HCP01275,Vidhi Bassi,Male,56,32,Gastroenterology,Private,Hospital Attached,Medium,East,West Bengal,Kolkata,Tier 1
HCP01276,Reyansh Nagi,Female,57,30,Orthopedics,Government,Group Practice,Medium,East,West Bengal,Kolkata,Tier 1
HCP01277,Gopal Ganesh,Female,50,21,Dermatology,Clinic,Group Practice,Medium,South,Andhra Pradesh,Visakhapatnam,Tier 2
HCP01278,Dominic Kade,Male,54,29,General Medicine,Medical College,Group Practice,Medium,West,Maharashtra,Pune,Tier 1
HCP01279,Panini Chawla,Male,64,40,Endocrinology,Government,Solo Practice,High,South,Telangana,Hyderabad,Tier 1
HCP01280,Radhika Bora,Male,45,16,Orthopedics,Government,Hospital Attached,High,South,Andhra Pradesh,Visakhapatnam,Tier 2
HCP01281,Arjun Sharaf,Male,59,32,Nephrology,Government,Group Practice,Low,East,Assam,Guwahati,Tier 2
HCP01282,Baljiwan Chahal,Male,60,30,Gastroenterology,Medical College,Group Practice,Low,North,Delhi,New Delhi,Tier 1
HCP01283,Chatura Gokhale,Male,60,36,Pediatrics,Government,Hospital Attached,Medium,South,Tamil Nadu,Coimbatore,Tier 2
HCP01284,Ekavir Kari,Female,52,26,Pulmonology,Private,Group Practice,Low,South,Telangana,Warangal,Tier 2
HCP01285,Nikita Rama,Female,35,6,Oncology,Clinic,Hospital Attached,High,North,Delhi,New Delhi,Tier 1
HCP01286,Nidhi Sant,Female,57,33,General Medicine,Private,Hospital Attached,High,West,Rajasthan,Jaipur,Tier 2
HCP01287,Anay Ramachandran,Male,58,28,Cardiology,Private,Solo Practice,High,West,Maharashtra,Pune,Tier 1
HCP01288,Abeer Bhatnagar,Male,39,13,General Medicine,Medical College,Solo Practice,Low,West,Maharashtra,Pune,Tier 1
HCP01289,Elijah Parmar,Male,45,20,Pediatrics,Private,Solo Practice,High,South,Kerala,Kochi,Tier 2
HCP01290,Bimala Mitra,Male,56,27,General Medicine,Government,Group Practice,Medium,East,West Bengal,Kolkata,Tier 1
HCP01291,Baghyawati Sarma,Female,31,3,General Medicine,Medical College,Solo Practice,High,Central,Chhattisgarh,Bilaspur,Tier 3
HCP01292,Megha Balasubramanian,Female,43,18,General Medicine,Medical College,Solo Practice,High,South,Telangana,Warangal,Tier 2
HCP01293,Naksh Walla,Female,40,11,Neurology,Private,Solo Practice,High,North,Delhi,Dwarka,Tier 1
HCP01294,Laban Raman,Male,38,14,Endocrinology,Government,Group Practice,Medium,Central,Chhattisgarh,Raipur,Tier 2
HCP01295,Maanas Misra,Male,67,42,Oncology,Medical College,Group Practice,Low,North,Delhi,Dwarka,Tier 1
HCP01296,Advay Dhaliwal,Male,34,8,Endocrinology,Government,Group Practice,Medium,West,Gujarat,Surat,Tier 2
HCP01297,Benjamin Ahluwalia,Male,52,27,Pediatrics,Government,Hospital Attached,High,West,Rajasthan,Jaipur,Tier 2
HCP01298,Frederick Mody,Female,30,6,Dermatology,Medical College,Group Practice,High,North,Punjab,Ludhiana,Tier 2
HCP01299,Hemangini Kakar,Female,34,5,Orthopedics,Private,Group Practice,High,North,Chandigarh,Chandigarh,Tier 2
HCP01300,Yauvani Dhar,Female,68,39,Endocrinology,Private,Group Practice,Low,South,Andhra Pradesh,Visakhapatnam,Tier 2
HCP01301,Qarin Kant,Female,58,34,Endocrinology,Medical College,Group Practice,Medium,East,Odisha,Bhubaneswar,Tier 2
HCP01302,Rishi Contractor,Male,60,32,Pulmonology,Government,Solo Practice,Low,Central,Chhattisgarh,Bilaspur,Tier 3
HCP01303,Chatura Shenoy,Male,47,22,Pulmonology,Private,Hospital Attached,Low,West,Goa,Margao,Tier 3
HCP01304,Bina Bhavsar,Male,51,24,Cardiology,Private,Group Practice,Low,East,Bihar,Patna,Tier 2
HCP01305,Guneet Hora,Male,43,14,Orthopedics,Medical College,Hospital Attached,High,North,Uttar Pradesh,Lucknow,Tier 1
HCP01306,Ganga Parikh,Male,45,19,Neurology,Government,Hospital Attached,High,North,Chandigarh,Chandigarh,Tier 2
HCP01307,Wahab Chaudhry,Female,46,16,General Medicine,Clinic,Group Practice,Low,East,Bihar,Patna,Tier 2
HCP01308,Ekaraj Hari,Male,43,13,Neurology,Private,Hospital Attached,High,Central,Chhattisgarh,Raipur,Tier 2
HCP01309,Vedika Seshadri,Female,39,12,Neurology,Government,Group Practice,Low,East,Assam,Guwahati,Tier 2
HCP01310,Damini Dua,Male,31,2,Nephrology,Private,Solo Practice,Low,South,Kerala,Kochi,Tier 2
HCP01311,Diya Sangha,Male,43,15,General Medicine,Medical College,Group Practice,Low,North,Delhi,New Delhi,Tier 1
HCP01312,Aayush Munshi,Male,43,16,General Medicine,Private,Group Practice,Medium,South,Andhra Pradesh,Visakhapatnam,Tier 2
HCP01313,Timothy Sarin,Female,68,43,Cardiology,Medical College,Solo Practice,High,East,Bihar,Patna,Tier 2
HCP01314,Jagvi Desai,Female,53,26,General Medicine,Medical College,Group Practice,Medium,West,Gujarat,Surat,Tier 2
HCP01315,Varsha Shere,Female,37,7,Psychiatry,Medical College,Solo Practice,High,West,Goa,Panaji,Tier 2
HCP01316,Jagrati Mody,Female,33,3,Oncology,Clinic,Hospital Attached,Medium,North,Punjab,Amritsar,Tier 2
HCP01317,Ikbal Gill,Male,44,17,Pediatrics,Medical College,Group Practice,Medium,West,Maharashtra,Pune,Tier 1
HCP01318,Avni Dey,Female,32,6,General Medicine,Medical College,Solo Practice,Low,East,Assam,Guwahati,Tier 2
HCP01319,Adya Bose,Male,28,4,Dermatology,Clinic,Group Practice,Medium,West,Gujarat,Ahmedabad,Tier 1
HCP01320,Anirudh Tripathi,Female,53,24,Endocrinology,Medical College,Group Practice,Medium,East,Assam,Guwahati,Tier 2
HCP01321,Nidhi Kala,Male,54,30,Nephrology,Government,Group Practice,High,South,Telangana,Hyderabad,Tier 1
HCP01322,Abha Zacharia,Male,40,10,Pediatrics,Clinic,Hospital Attached,Medium,South,Telangana,Warangal,Tier 2
HCP01323,Manthan Pau,Female,68,39,Endocrinology,Government,Hospital Attached,Medium,North,Delhi,New Delhi,Tier 1
HCP01324,Udant Mannan,Female,43,18,Pediatrics,Clinic,Hospital Attached,High,Central,Chhattisgarh,Bilaspur,Tier 3
HCP01325,Ucchal Thaker,Male,37,11,Orthopedics,Private,Group Practice,Low,West,Gujarat,Surat,Tier 2
HCP01326,Mekhala Patla,Male,28,4,Gastroenterology,Medical College,Group Practice,High,North,Punjab,Ludhiana,Tier 2
HCP01327,William Gandhi,Male,61,36,Dermatology,Private,Group Practice,Medium,West,Maharashtra,Pune,Tier 1
HCP01328,Sanaya Dutta,Female,60,32,Neurology,Medical College,Hospital Attached,Medium,Central,Madhya Pradesh,Bhopal,Tier 2
HCP01329,Madhav Sule,Female,33,9,Neurology,Clinic,Solo Practice,Medium,West,Goa,Margao,Tier 3
HCP01330,Banjeet Kanda,Male,53,24,Cardiology,Private,Group Practice,Low,West,Maharashtra,Nagpur,Tier 2
HCP01331,Vincent Bhatnagar,Male,54,26,Endocrinology,Clinic,Hospital Attached,Medium,North,Punjab,Ludhiana,Tier 2
HCP01332,Kala Kaur,Male,51,26,Pulmonology,Private,Group Practice,Low,North,Delhi,Dwarka,Tier 1
HCP01333,Samuel Vasa,Male,56,28,Gastroenterology,Private,Solo Practice,Low,West,Goa,Margao,Tier 3
HCP01334,Lipika Singh,Male,40,14,Nephrology,Medical College,Group Practice,Medium,Central,Madhya Pradesh,Bhopal,Tier 2
HCP01335,Chakradhar Baral,Male,68,43,General Medicine,Government,Group Practice,Low,North,Haryana,Gurugram,Tier 1
HCP01336,Harshil Verma,Male,49,25,Orthopedics,Medical College,Group Practice,Medium,West,Maharashtra,Pune,Tier 1
HCP01337,Adya Ghosh,Male,28,4,Cardiology,Government,Hospital Attached,Medium,East,Odisha,Bhubaneswar,Tier 2
HCP01338,Kritika Pau,Male,34,9,Orthopedics,Government,Group Practice,Medium,West,Gujarat,Ahmedabad,Tier 1
HCP01339,Zansi Krishnamurthy,Female,59,32,Pulmonology,Medical College,Group Practice,Medium,South,Telangana,Hyderabad,Tier 1
HCP01340,Udant Varty,Female,48,18,Cardiology,Clinic,Hospital Attached,Medium,South,Andhra Pradesh,Visakhapatnam,Tier 2
HCP01341,Ira Pai,Male,50,20,Endocrinology,Government,Solo Practice,Medium,West,Gujarat,Ahmedabad,Tier 1
HCP01342,Vasatika Ahuja,Female,36,12,Orthopedics,Clinic,Hospital Attached,High,West,Gujarat,Ahmedabad,Tier 1
HCP01343,Ria Gandhi,Male,51,24,Neurology,Medical College,Hospital Attached,Medium,West,Maharashtra,Pune,Tier 1
HCP01344,Faraj Varkey,Male,28,1,Psychiatry,Clinic,Solo Practice,Medium,North,Uttar Pradesh,Noida,Tier 1
HCP01345,Siddharth Doctor,Male,48,19,Pediatrics,Medical College,Group Practice,High,West,Goa,Panaji,Tier 2
HCP01346,Nakul Pathak,Male,50,23,Oncology,Medical College,Hospital Attached,High,South,Telangana,Hyderabad,Tier 1
HCP01347,Victor Sachdeva,Male,52,26,Orthopedics,Private,Hospital Attached,High,South,Karnataka,Bengaluru,Tier 1
HCP01348,Ishaan Subramaniam,Male,36,9,Gastroenterology,Clinic,Hospital Attached,High,East,Bihar,Patna,Tier 2
HCP01349,Varenya Kade,Female,38,11,Psychiatry,Medical College,Hospital Attached,Medium,East,Odisha,Bhubaneswar,Tier 2
HCP01350,Nirja Bains,Male,41,16,Pulmonology,Government,Solo Practice,Medium,South,Kerala,Kochi,Tier 2
HCP01351,Caleb Datta,Male,38,12,Oncology,Clinic,Solo Practice,High,West,Maharashtra,Mumbai,Tier 1
HCP01352,Krish Vala,Female,35,6,General Medicine,Medical College,Solo Practice,High,East,Jharkhand,Ranchi,Tier 2
HCP01353,Manan Bhalla,Female,42,14,Pulmonology,Government,Hospital Attached,Medium,East,Jharkhand,Ranchi,Tier 2
HCP01354,Aarna Gole,Female,63,33,Pediatrics,Private,Solo Practice,Medium,North,Punjab,Ludhiana,Tier 2
HCP01355,Anirudh Mander,Female,33,9,General Medicine,Private,Hospital Attached,High,West,Maharashtra,Pune,Tier 1
HCP01356,Tarak Sen,Female,36,6,Cardiology,Medical College,Hospital Attached,High,East,Assam,Guwahati,Tier 2
HCP01357,Vasatika Garde,Female,31,3,Orthopedics,Medical College,Group Practice,Medium,North,Uttar Pradesh,Noida,Tier 1
HCP01358,Nirja Dhar,Female,36,8,Neurology,Private,Solo Practice,Medium,West,Gujarat,Surat,Tier 2
HCP01359,Yasti Lalla,Female,48,23,Gastroenterology,Clinic,Solo Practice,Medium,North,Chandigarh,Chandigarh,Tier 2
HCP01360,Hema Setty,Female,37,9,Cardiology,Government,Hospital Attached,Medium,North,Uttar Pradesh,Lucknow,Tier 1
HCP01361,Victor Radhakrishnan,Male,45,15,Pulmonology,Medical College,Hospital Attached,High,West,Gujarat,Surat,Tier 2
HCP01362,Kevin Chopra,Female,46,17,Psychiatry,Government,Group Practice,Low,North,Delhi,New Delhi,Tier 1
HCP01363,Samaksh Virk,Male,42,13,Pulmonology,Private,Group Practice,High,East,West Bengal,Siliguri,Tier 2
HCP01364,Mason Char,Female,38,14,Orthopedics,Clinic,Group Practice,Medium,North,Delhi,New Delhi,Tier 1
HCP01365,Vamakshi Barad,Female,53,26,General Medicine,Clinic,Group Practice,Medium,Central,Chhattisgarh,Bilaspur,Tier 3
HCP01366,Girik Subramaniam,Male,63,36,General Medicine,Clinic,Hospital Attached,High,East,Jharkhand,Ranchi,Tier 2
HCP01367,Aarav Sankar,Male,47,20,Neurology,Private,Group Practice,Medium,South,Andhra Pradesh,Visakhapatnam,Tier 2
HCP01368,Kamala Bassi,Female,37,12,Cardiology,Private,Hospital Attached,Medium,North,Haryana,Gurugram,Tier 1
HCP01369,Veer Subramaniam,Female,64,40,Neurology,Private,Group Practice,High,East,Assam,Guwahati,Tier 2
HCP01370,Inaya Chaudhari,Female,38,14,General Medicine,Medical College,Solo Practice,High,North,Punjab,Ludhiana,Tier 2
HCP01371,Krish Kumar,Male,60,31,Endocrinology,Medical College,Solo Practice,Medium,East,West Bengal,Kolkata,Tier 1
HCP01372,Viraj Chacko,Female,43,19,General Medicine,Medical College,Group Practice,Medium,South,Tamil Nadu,Chennai,Tier 1
HCP01373,Nilima Kurian,Male,52,22,Pulmonology,Government,Group Practice,High,North,Punjab,Ludhiana,Tier 2
HCP01374,Abdul Amble,Female,45,16,Neurology,Clinic,Solo Practice,Low,West,Maharashtra,Pune,Tier 1
HCP01375,Zinal Amble,Male,35,8,Neurology,Private,Solo Practice,Medium,East,Odisha,Bhubaneswar,Tier 2
HCP01376,Samesh Mutti,Female,45,16,Pulmonology,Private,Group Practice,Medium,West,Maharashtra,Mumbai,Tier 1
HCP01377,Janaki Chhabra,Female,47,19,General Medicine,Clinic,Solo Practice,High,South,Kerala,Kochi,Tier 2
HCP01378,Pooja Kulkarni,Male,53,23,Pulmonology,Medical College,Hospital Attached,High,South,Tamil Nadu,Coimbatore,Tier 2
HCP01379,Pallavi Pau,Female,32,4,Gastroenterology,Government,Solo Practice,High,North,Delhi,Dwarka,Tier 1
HCP01380,Mekhala Jani,Male,39,9,Orthopedics,Private,Solo Practice,Medium,West,Goa,Panaji,Tier 2
HCP01381,Vasudha Gola,Female,35,11,General Medicine,Private,Hospital Attached,Low,South,Telangana,Warangal,Tier 2
HCP01382,Veda Kulkarni,Female,30,6,Psychiatry,Clinic,Group Practice,High,West,Goa,Margao,Tier 3
HCP01383,Hemangini Rao,Male,55,26,General Medicine,Clinic,Solo Practice,High,South,Tamil Nadu,Chennai,Tier 1
HCP01384,Jagat Karpe,Female,62,35,General Medicine,Medical College,Hospital Attached,Medium,North,Uttar Pradesh,Lucknow,Tier 1
HCP01385,Neel Chaudhry,Female,66,38,Pediatrics,Government,Hospital Attached,High,East,Assam,Guwahati,Tier 2
HCP01386,Yashoda Rattan,Male,30,5,General Medicine,Private,Solo Practice,Medium,North,Delhi,Dwarka,Tier 1
HCP01387,Charles Dyal,Male,65,39,Cardiology,Medical College,Solo Practice,Medium,South,Kerala,Kochi,Tier 2
HCP01388,Abdul Chand,Female,52,23,Oncology,Medical College,Group Practice,Low,South,Andhra Pradesh,Visakhapatnam,Tier 2
HCP01389,Urishilla Saran,Female,55,26,General Medicine,Private,Solo Practice,Medium,South,Karnataka,Mysuru,Tier 2
HCP01390,Devansh Lall,Female,68,39,Neurology,Clinic,Hospital Attached,Medium,South,Tamil Nadu,Coimbatore,Tier 2
HCP01391,Kamala Buch,Male,54,24,General Medicine,Medical College,Group Practice,Low,West,Maharashtra,Mumbai,Tier 1
HCP01392,Leena Rattan,Male,32,6,General Medicine,Government,Hospital Attached,Medium,South,Karnataka,Mysuru,Tier 2
HCP01393,Dakshesh Gill,Male,49,20,General Medicine,Clinic,Group Practice,Low,Central,Madhya Pradesh,Bhopal,Tier 2
HCP01394,Reva Anne,Male,45,21,General Medicine,Private,Group Practice,High,South,Telangana,Warangal,Tier 2
HCP01395,Zarna Mangal,Male,39,11,Pulmonology,Clinic,Hospital Attached,High,South,Telangana,Hyderabad,Tier 1
HCP01396,Bahadurjit Uppal,Female,34,6,Endocrinology,Clinic,Hospital Attached,Medium,North,Chandigarh,Chandigarh,Tier 2
HCP01397,Omkaar Banik,Male,31,6,Cardiology,Medical College,Solo Practice,Medium,Central,Madhya Pradesh,Bhopal,Tier 2
HCP01398,William Acharya,Female,58,30,General Medicine,Government,Hospital Attached,Medium,South,Tamil Nadu,Chennai,Tier 1
HCP01399,Gabriel Majumdar,Male,36,11,Endocrinology,Clinic,Solo Practice,High,West,Maharashtra,Mumbai,Tier 1
HCP01400,Ira Rana,Female,43,14,Orthopedics,Medical College,Solo Practice,Medium,North,Delhi,New Delhi,Tier 1
HCP01401,Sai Vasa,Female,57,29,Cardiology,Medical College,Hospital Attached,High,West,Maharashtra,Mumbai,Tier 1
HCP01402,Ekapad Chana,Male,47,18,Dermatology,Clinic,Group Practice,High,North,Punjab,Amritsar,Tier 2
HCP01403,Ijaya Palan,Male,68,44,General Medicine,Private,Solo Practice,Low,South,Kerala,Kochi,Tier 2
HCP01404,Upkaar Hayer,Male,33,4,Cardiology,Medical College,Solo Practice,High,West,Goa,Panaji,Tier 2
HCP01405,Netra Agrawal,Female,60,31,General Medicine,Medical College,Hospital Attached,Medium,East,Bihar,Patna,Tier 2
HCP01406,Parth Ray,Male,53,29,Neurology,Government,Hospital Attached,Medium,Central,Madhya Pradesh,Indore,Tier 2
HCP01407,Elijah Thakur,Female,43,14,Neurology,Government,Hospital Attached,Medium,North,Punjab,Amritsar,Tier 2
HCP01408,Harini Dada,Male,61,36,General Medicine,Clinic,Solo Practice,Medium,South,Karnataka,Mysuru,Tier 2
HCP01409,Zashil Savant,Male,55,28,Endocrinology,Clinic,Solo Practice,Medium,West,Goa,Panaji,Tier 2
HCP01410,Veda Kohli,Male,62,32,Pulmonology,Government,Group Practice,Medium,South,Karnataka,Bengaluru,Tier 1
HCP01411,Tara Sharma,Female,44,19,General Medicine,Medical College,Solo Practice,High,South,Andhra Pradesh,Visakhapatnam,Tier 2
HCP01412,Vasatika Dada,Male,57,29,Dermatology,Government,Group Practice,Low,North,Chandigarh,Chandigarh,Tier 2
HCP01413,Ekansh Raja,Female,49,23,Endocrinology,Government,Group Practice,High,South,Kerala,Kochi,Tier 2
HCP01414,Victor Mutti,Male,53,27,General Medicine,Medical College,Group Practice,Low,Central,Chhattisgarh,Bilaspur,Tier 3
HCP01415,Ira Varty,Male,54,30,Oncology,Government,Solo Practice,High,West,Maharashtra,Mumbai,Tier 1
HCP01416,Adya Kothari,Female,42,15,Endocrinology,Clinic,Group Practice,Medium,South,Tamil Nadu,Chennai,Tier 1
HCP01417,Girik Rastogi,Male,62,32,Cardiology,Medical College,Hospital Attached,High,East,West Bengal,Siliguri,Tier 2
HCP01418,Faqid Gokhale,Male,36,10,Pulmonology,Government,Group Practice,High,West,Maharashtra,Pune,Tier 1
HCP01419,Dipta Pandya,Male,35,10,Cardiology,Private,Group Practice,Medium,South,Tamil Nadu,Chennai,Tier 1
HCP01420,Amruta Goswami,Female,30,5,Neurology,Medical College,Hospital Attached,High,South,Karnataka,Bengaluru,Tier 1
HCP01421,Wishi Iyengar,Male,54,27,Orthopedics,Private,Group Practice,High,East,Assam,Guwahati,Tier 2
HCP01422,Wyatt Lanka,Female,60,31,Oncology,Medical College,Solo Practice,Low,West,Gujarat,Surat,Tier 2
HCP01423,Veer Jain,Male,29,4,General Medicine,Government,Hospital Attached,Low,East,West Bengal,Siliguri,Tier 2
HCP01424,Ishani Dugal,Female,55,27,Pulmonology,Medical College,Group Practice,Medium,South,Andhra Pradesh,Visakhapatnam,Tier 2
HCP01425,Jagdish Brar,Female,33,3,Pediatrics,Private,Hospital Attached,Medium,East,Jharkhand,Ranchi,Tier 2
HCP01426,Abeer Basak,Male,45,15,General Medicine,Clinic,Hospital Attached,Low,North,Haryana,Gurugram,Tier 1
HCP01427,Kamya Murty,Female,40,13,Pulmonology,Government,Hospital Attached,High,East,Assam,Guwahati,Tier 2
HCP01428,Anvi Swaminathan,Male,40,10,Orthopedics,Private,Solo Practice,Low,North,Punjab,Amritsar,Tier 2
HCP01429,Yasti Mammen,Female,30,4,Nephrology,Private,Group Practice,Low,South,Kerala,Kochi,Tier 2
HCP01430,Tristan Dave,Male,33,3,General Medicine,Medical College,Hospital Attached,Medium,West,Goa,Margao,Tier 3
HCP01431,Pallavi Sridhar,Male,42,16,Pediatrics,Government,Hospital Attached,Medium,North,Uttar Pradesh,Noida,Tier 1
HCP01432,Yadavi Palan,Male,47,23,Cardiology,Clinic,Group Practice,High,East,West Bengal,Kolkata,Tier 1
HCP01433,Owen Shankar,Male,48,24,General Medicine,Government,Solo Practice,Medium,East,Assam,Guwahati,Tier 2
HCP01434,Zarna Sharma,Female,41,15,Pediatrics,Government,Group Practice,Low,Central,Madhya Pradesh,Indore,Tier 2
HCP01435,Abhiram Arora,Female,51,25,Cardiology,Government,Hospital Attached,Low,East,West Bengal,Siliguri,Tier 2
HCP01436,Ladli Chaudhuri,Male,49,23,Pulmonology,Clinic,Hospital Attached,High,South,Karnataka,Bengaluru,Tier 1
HCP01437,Janaki Lad,Female,43,14,Cardiology,Medical College,Solo Practice,High,East,Jharkhand,Ranchi,Tier 2
HCP01438,Adya Khalsa,Male,68,39,Orthopedics,Government,Hospital Attached,High,West,Gujarat,Surat,Tier 2
HCP01439,Urishilla Oza,Male,40,11,Pediatrics,Government,Solo Practice,High,North,Uttar Pradesh,Noida,Tier 1
HCP01440,Qarin Tara,Female,47,18,Pediatrics,Private,Hospital Attached,High,North,Uttar Pradesh,Noida,Tier 1
HCP01441,Shivansh Saini,Male,36,11,Endocrinology,Clinic,Hospital Attached,High,North,Delhi,Dwarka,Tier 1
HCP01442,Janya Rattan,Female,56,27,Pulmonology,Medical College,Solo Practice,Medium,West,Rajasthan,Jaipur,Tier 2
HCP01443,Shravya Gole,Male,38,10,Cardiology,Private,Group Practice,Low,West,Gujarat,Surat,Tier 2
HCP01444,Veer Chaudhry,Male,40,11,Gastroenterology,Medical College,Hospital Attached,Medium,East,Jharkhand,Ranchi,Tier 2
HCP01445,Warinder Sankaran,Male,38,11,Pulmonology,Medical College,Hospital Attached,High,South,Telangana,Hyderabad,Tier 1
HCP01446,Rohan Dhingra,Female,66,40,Cardiology,Government,Solo Practice,Medium,West,Gujarat,Surat,Tier 2
HCP01447,Urvashi Andra,Male,60,33,Pediatrics,Clinic,Group Practice,High,West,Maharashtra,Mumbai,Tier 1
HCP01448,Oviya Tata,Female,45,17,General Medicine,Private,Solo Practice,Medium,West,Maharashtra,Nagpur,Tier 2
HCP01449,Zansi Walla,Female,30,1,General Medicine,Clinic,Solo Practice,Medium,South,Kerala,Kochi,Tier 2
HCP01450,Vidhi Mital,Male,43,13,Cardiology,Government,Solo Practice,Medium,East,Assam,Guwahati,Tier 2
HCP01451,Champak Rao,Female,48,24,Oncology,Clinic,Hospital Attached,Low,South,Karnataka,Bengaluru,Tier 1
HCP01452,Nihal Bhasin,Female,48,24,Neurology,Government,Group Practice,Low,West,Goa,Margao,Tier 3
HCP01453,Aachal Soni,Female,39,13,Psychiatry,Government,Hospital Attached,High,Central,Madhya Pradesh,Bhopal,Tier 2
HCP01454,Shivani Natt,Female,44,14,Neurology,Private,Group Practice,Low,East,Assam,Guwahati,Tier 2
HCP01455,Jalsa Parsa,Female,41,13,Neurology,Medical College,Solo Practice,Medium,East,Assam,Guwahati,Tier 2
HCP01456,Hemangini Bahri,Female,51,26,Oncology,Government,Group Practice,Low,North,Punjab,Amritsar,Tier 2
HCP01457,Jairaj Panchal,Male,39,14,Orthopedics,Private,Hospital Attached,Medium,North,Uttar Pradesh,Noida,Tier 1
HCP01458,Owen Mane,Female,38,13,Gastroenterology,Private,Solo Practice,Low,North,Uttar Pradesh,Noida,Tier 1
HCP01459,Ekta Uppal,Female,43,16,Oncology,Medical College,Solo Practice,High,South,Tamil Nadu,Chennai,Tier 1
HCP01460,Sanya Brar,Male,28,1,General Medicine,Medical College,Solo Practice,Low,West,Maharashtra,Pune,Tier 1
HCP01461,Bhavini Sheth,Male,30,5,Cardiology,Government,Group Practice,Low,South,Karnataka,Bengaluru,Tier 1
HCP01462,Oliver Nazareth,Male,28,1,General Medicine,Clinic,Hospital Attached,Low,North,Chandigarh,Chandigarh,Tier 2
HCP01463,Nidhi Bora,Male,58,28,Orthopedics,Medical College,Solo Practice,Medium,West,Rajasthan,Jaipur,Tier 2
HCP01464,Neel Oza,Female,37,12,General Medicine,Clinic,Hospital Attached,Medium,South,Tamil Nadu,Chennai,Tier 1
HCP01465,Dipta Nadig,Male,30,6,Orthopedics,Government,Hospital Attached,High,West,Maharashtra,Nagpur,Tier 2
HCP01466,Amara Rana,Female,37,13,Oncology,Government,Solo Practice,Medium,West,Goa,Margao,Tier 3
HCP01467,Sai Patil,Male,50,21,Cardiology,Medical College,Hospital Attached,High,West,Gujarat,Surat,Tier 2
HCP01468,Odika Ganesh,Male,59,34,Nephrology,Private,Solo Practice,High,South,Karnataka,Mysuru,Tier 2
HCP01469,Arin Dass,Female,50,26,Neurology,Government,Group Practice,High,West,Gujarat,Ahmedabad,Tier 1
HCP01470,Zayan Buch,Male,30,2,General Medicine,Medical College,Hospital Attached,Medium,South,Karnataka,Mysuru,Tier 2
HCP01471,Ojas Ranganathan,Male,55,30,Dermatology,Clinic,Hospital Attached,High,North,Delhi,New Delhi,Tier 1
HCP01472,Girish Bhatt,Female,34,8,Oncology,Clinic,Group Practice,High,West,Gujarat,Ahmedabad,Tier 1
HCP01473,Chatura Bal,Male,28,1,Oncology,Private,Hospital Attached,Low,West,Goa,Panaji,Tier 2
HCP01474,Fiyaz Chawla,Male,52,25,Pulmonology,Medical College,Solo Practice,Low,West,Gujarat,Ahmedabad,Tier 1
HCP01475,Nachiket Chad,Female,45,20,General Medicine,Private,Solo Practice,High,South,Karnataka,Bengaluru,Tier 1
HCP01476,Dayamai Karnik,Female,48,21,Pediatrics,Medical College,Hospital Attached,High,West,Maharashtra,Pune,Tier 1
HCP01477,Bhanumati Savant,Female,36,6,Oncology,Private,Group Practice,Medium,East,Jharkhand,Ranchi,Tier 2
HCP01478,Karan Vyas,Female,62,34,Pediatrics,Private,Group Practice,Low,North,Uttar Pradesh,Lucknow,Tier 1
HCP01479,Ayush Banerjee,Female,61,33,Gastroenterology,Private,Hospital Attached,Low,South,Karnataka,Mysuru,Tier 2
HCP01480,Eshana Soni,Female,28,3,Nephrology,Government,Group Practice,Medium,North,Chandigarh,Chandigarh,Tier 2
HCP01481,Anita Saxena,Male,35,11,Oncology,Clinic,Solo Practice,Medium,East,West Bengal,Kolkata,Tier 1
HCP01482,Peter Shan,Male,63,36,Cardiology,Private,Solo Practice,High,South,Telangana,Hyderabad,Tier 1
HCP01483,Dayita Palan,Male,37,10,Pulmonology,Medical College,Group Practice,Low,South,Tamil Nadu,Chennai,Tier 1
HCP01484,Utkarsh Chakraborty,Male,65,41,Pediatrics,Private,Solo Practice,Low,West,Goa,Margao,Tier 3
HCP01485,Darika Pau,Male,33,8,General Medicine,Medical College,Solo Practice,High,West,Gujarat,Ahmedabad,Tier 1
HCP01486,Abha Dugal,Female,36,7,Orthopedics,Clinic,Group Practice,Medium,North,Punjab,Ludhiana,Tier 2
HCP01487,Advaith Acharya,Female,56,26,Neurology,Government,Group Practice,Low,West,Maharashtra,Pune,Tier 1
HCP01488,Hemangini Mangat,Male,30,2,Pulmonology,Private,Solo Practice,Medium,West,Goa,Panaji,Tier 2
HCP01489,Abhiram Swamy,Female,57,29,Pulmonology,Clinic,Hospital Attached,Medium,West,Goa,Panaji,Tier 2
HCP01490,Chandani Andra,Male,55,30,Cardiology,Government,Hospital Attached,Medium,Central,Madhya Pradesh,Indore,Tier 2
HCP01491,Brinda Kashyap,Male,41,14,Neurology,Private,Group Practice,Low,Central,Madhya Pradesh,Indore,Tier 2
HCP01492,Kashvi Gulati,Male,57,30,Cardiology,Medical College,Group Practice,Low,Central,Madhya Pradesh,Indore,Tier 2
HCP01493,Rajeshri Rana,Female,55,30,Cardiology,Government,Solo Practice,Medium,North,Punjab,Amritsar,Tier 2
HCP01494,Nihal Ramakrishnan,Female,29,4,Cardiology,Government,Solo Practice,Low,West,Rajasthan,Jaipur,Tier 2
HCP01495,Thomas Lall,Male,47,22,Orthopedics,Government,Solo Practice,Medium,Central,Chhattisgarh,Raipur,Tier 2
HCP01496,Pahal Khatri,Male,64,34,Pediatrics,Government,Group Practice,Low,Central,Madhya Pradesh,Indore,Tier 2
HCP01497,Bhavani Wali,Female,28,2,Pulmonology,Medical College,Hospital Attached,Low,South,Tamil Nadu,Chennai,Tier 1
HCP01498,Nitara Guha,Female,50,25,Pulmonology,Government,Group Practice,Medium,North,Punjab,Ludhiana,Tier 2
HCP01499,Qabil Deshpande,Male,60,30,Gastroenterology,Government,Hospital Attached,High,North,Delhi,New Delhi,Tier 1
HCP01500,Indrajit Shah,Female,65,35,Dermatology,Clinic,Solo Practice,Low,West,Maharashtra,Nagpur,Tier 2
HCP01501,Anita Swamy,Female,33,4,General Medicine,Private,Solo Practice,High,West,Goa,Margao,Tier 3
HCP01502,Ekani Bahl,Male,38,10,Pediatrics,Clinic,Group Practice,High,West,Rajasthan,Jaipur,Tier 2
HCP01503,Chandran Warrior,Female,46,20,Neurology,Medical College,Solo Practice,High,South,Kerala,Kochi,Tier 2
HCP01504,Quincy Chaudry,Female,43,18,Nephrology,Government,Solo Practice,Medium,Central,Chhattisgarh,Raipur,Tier 2
HCP01505,Amruta Dass,Female,34,4,General Medicine,Clinic,Hospital Attached,High,West,Maharashtra,Mumbai,Tier 1
HCP01506,Abhiram Kaul,Male,59,35,Pediatrics,Private,Group Practice,Low,Central,Chhattisgarh,Raipur,Tier 2
HCP01507,Matthew Aurora,Female,64,38,Endocrinology,Government,Solo Practice,High,South,Karnataka,Bengaluru,Tier 1
HCP01508,Teerth Oommen,Female,44,17,Psychiatry,Medical College,Hospital Attached,High,North,Delhi,New Delhi,Tier 1
HCP01509,Devika Tara,Male,64,37,General Medicine,Clinic,Group Practice,Medium,Central,Madhya Pradesh,Indore,Tier 2
HCP01510,Ubika Balay,Male,56,30,Pediatrics,Clinic,Group Practice,Low,South,Tamil Nadu,Coimbatore,Tier 2
HCP01511,Faris Dhingra,Female,60,33,Cardiology,Government,Hospital Attached,High,South,Telangana,Warangal,Tier 2
HCP01512,Amaira Ramanathan,Male,43,14,Gastroenterology,Government,Solo Practice,High,East,Bihar,Patna,Tier 2
HCP01513,Upma Golla,Female,52,27,Orthopedics,Government,Solo Practice,Medium,West,Gujarat,Ahmedabad,Tier 1
HCP01514,Zashil Raj,Female,33,7,Pediatrics,Medical College,Solo Practice,Low,West,Maharashtra,Mumbai,Tier 1
HCP01515,Jairaj Kothari,Male,53,23,Pediatrics,Medical College,Group Practice,Low,Central,Chhattisgarh,Bilaspur,Tier 3
HCP01516,Saanvi Kota,Female,66,39,Cardiology,Medical College,Solo Practice,Medium,East,Jharkhand,Ranchi,Tier 2
HCP01517,Rushil Sharma,Male,62,37,Oncology,Private,Hospital Attached,Low,East,West Bengal,Siliguri,Tier 2
HCP01518,Sathvik Solanki,Male,66,36,Endocrinology,Clinic,Group Practice,High,West,Maharashtra,Nagpur,Tier 2
HCP01519,Devika Naidu,Male,31,6,Dermatology,Medical College,Group Practice,Medium,West,Gujarat,Ahmedabad,Tier 1
HCP01520,Brijesh Verma,Male,33,8,General Medicine,Medical College,Solo Practice,Medium,West,Maharashtra,Pune,Tier 1
HCP01521,Zehaan Srivastava,Female,54,26,Cardiology,Clinic,Solo Practice,High,East,Assam,Guwahati,Tier 2
HCP01522,Rushil Patel,Male,55,29,Psychiatry,Clinic,Solo Practice,Low,South,Telangana,Hyderabad,Tier 1
HCP01523,Tejas Chowdhury,Female,58,31,Orthopedics,Private,Hospital Attached,Medium,East,West Bengal,Siliguri,Tier 2
HCP01524,Radha Nair,Female,28,1,Gastroenterology,Private,Solo Practice,High,North,Chandigarh,Chandigarh,Tier 2
HCP01525,Oliver Majumdar,Male,48,19,Nephrology,Clinic,Solo Practice,Low,South,Karnataka,Mysuru,Tier 2
HCP01526,Meghana Kibe,Female,37,10,Dermatology,Government,Hospital Attached,Medium,East,Jharkhand,Ranchi,Tier 2
HCP01527,Brijesh Soman,Male,56,26,Dermatology,Medical College,Hospital Attached,High,South,Kerala,Kochi,Tier 2
HCP01528,Kamya Chakraborty,Male,30,5,Pulmonology,Private,Group Practice,Medium,Central,Chhattisgarh,Bilaspur,Tier 3
HCP01529,Nakul Tata,Male,66,39,Cardiology,Private,Solo Practice,High,South,Telangana,Warangal,Tier 2
HCP01530,Hamsini Bhasin,Male,51,21,Endocrinology,Clinic,Group Practice,Medium,North,Chandigarh,Chandigarh,Tier 2
HCP01531,Ishani Dube,Male,59,30,Nephrology,Medical College,Group Practice,Medium,West,Goa,Panaji,Tier 2
HCP01532,Jeremiah Sura,Female,61,31,Endocrinology,Private,Group Practice,Medium,South,Karnataka,Mysuru,Tier 2
HCP01533,Edhitha Palan,Male,63,35,General Medicine,Medical College,Group Practice,Medium,North,Uttar Pradesh,Noida,Tier 1
HCP01534,Reyansh Bail,Female,68,42,Pulmonology,Government,Solo Practice,High,South,Tamil Nadu,Chennai,Tier 1
HCP01535,Ishita Desai,Male,33,4,General Medicine,Medical College,Solo Practice,Medium,South,Telangana,Hyderabad,Tier 1
HCP01536,Balveer Sundaram,Male,68,41,Pediatrics,Government,Hospital Attached,Medium,North,Haryana,Gurugram,Tier 1
HCP01537,Chaitaly Suri,Female,41,16,Gastroenterology,Medical College,Solo Practice,Low,North,Punjab,Ludhiana,Tier 2
HCP01538,Rachit Pall,Female,35,9,Psychiatry,Medical College,Group Practice,High,East,West Bengal,Kolkata,Tier 1
HCP01539,Upadhriti Maharaj,Female,28,2,Gastroenterology,Clinic,Group Practice,High,West,Maharashtra,Pune,Tier 1
HCP01540,Ekapad Wali,Female,47,17,Oncology,Medical College,Hospital Attached,Low,West,Maharashtra,Pune,Tier 1
HCP01541,Shivani Merchant,Female,30,6,General Medicine,Clinic,Hospital Attached,High,West,Maharashtra,Mumbai,Tier 1
HCP01542,Jeevika Setty,Female,49,24,Psychiatry,Medical College,Solo Practice,Medium,East,West Bengal,Kolkata,Tier 1
HCP01543,Yashawini Raghavan,Female,40,12,Neurology,Government,Hospital Attached,Medium,Central,Chhattisgarh,Raipur,Tier 2
HCP01544,Anirudh Patla,Female,39,12,Oncology,Private,Group Practice,Low,North,Uttar Pradesh,Lucknow,Tier 1
HCP01545,Ekani Bhatnagar,Male,60,36,Neurology,Medical College,Hospital Attached,High,West,Gujarat,Surat,Tier 2
HCP01546,Ranveer Viswanathan,Male,48,23,General Medicine,Government,Group Practice,Low,South,Andhra Pradesh,Visakhapatnam,Tier 2
HCP01547,Mitesh Mandal,Male,29,1,Pulmonology,Government,Hospital Attached,Medium,South,Karnataka,Bengaluru,Tier 1
HCP01548,Nimrat Nagy,Male,57,28,Neurology,Clinic,Solo Practice,Low,South,Telangana,Warangal,Tier 2
HCP01549,Gopal Virk,Male,47,22,Orthopedics,Private,Hospital Attached,High,North,Punjab,Ludhiana,Tier 2
HCP01550,Caleb Dayal,Female,44,15,General Medicine,Government,Solo Practice,Medium,North,Delhi,Dwarka,Tier 1
HCP01551,Azad Jaggi,Male,35,8,Oncology,Government,Solo Practice,Low,East,Assam,Guwahati,Tier 2
HCP01552,Vedika Handa,Female,39,15,General Medicine,Clinic,Solo Practice,Medium,East,Odisha,Bhubaneswar,Tier 2
HCP01553,Azad Rama,Female,29,2,General Medicine,Government,Solo Practice,Medium,West,Maharashtra,Pune,Tier 1
HCP01554,Aahana Bawa,Female,48,19,Oncology,Private,Solo Practice,Medium,East,Odisha,Bhubaneswar,Tier 2
HCP01555,Timothy Bobal,Male,64,35,Orthopedics,Government,Solo Practice,High,South,Telangana,Hyderabad,Tier 1
HCP01556,Sathvik Swamy,Female,58,30,Orthopedics,Government,Solo Practice,Medium,East,Assam,Guwahati,Tier 2
HCP01557,Upadhriti Bhat,Female,35,10,Orthopedics,Government,Hospital Attached,Medium,South,Karnataka,Mysuru,Tier 2
HCP01558,Ojasvi Pillay,Male,41,11,Endocrinology,Private,Solo Practice,Medium,West,Goa,Margao,Tier 3
HCP01559,Amaira Wadhwa,Male,33,4,Pulmonology,Private,Group Practice,Medium,North,Punjab,Ludhiana,Tier 2
HCP01560,Ekavir Modi,Male,33,7,Pulmonology,Clinic,Group Practice,High,West,Goa,Panaji,Tier 2
HCP01561,Tarak Venkataraman,Female,55,27,Oncology,Private,Group Practice,Low,West,Goa,Margao,Tier 3
HCP01562,Harrison Kashyap,Female,53,29,Orthopedics,Clinic,Solo Practice,High,West,Rajasthan,Jaipur,Tier 2
HCP01563,Ranveer Hans,Female,55,28,Pediatrics,Clinic,Group Practice,Medium,West,Gujarat,Surat,Tier 2
HCP01564,Praneel Sagar,Female,55,30,Orthopedics,Clinic,Hospital Attached,High,North,Haryana,Gurugram,Tier 1
HCP01565,Ishita Shanker,Female,38,14,Psychiatry,Clinic,Hospital Attached,Medium,East,Odisha,Bhubaneswar,Tier 2
HCP01566,Hemang Ganesan,Female,53,29,General Medicine,Clinic,Group Practice,High,East,Odisha,Bhubaneswar,Tier 2
HCP01567,Neelima Thaman,Female,43,19,Cardiology,Clinic,Group Practice,Low,Central,Madhya Pradesh,Indore,Tier 2
HCP01568,Nakul Walla,Female,35,11,Cardiology,Government,Hospital Attached,Medium,North,Delhi,New Delhi,Tier 1
HCP01569,Indira Murty,Female,64,34,Endocrinology,Private,Hospital Attached,Low,South,Tamil Nadu,Coimbatore,Tier 2
HCP01570,Kamya Sachar,Female,66,41,Orthopedics,Government,Hospital Attached,Medium,West,Gujarat,Ahmedabad,Tier 1
HCP01571,Ekiya Khosla,Male,64,35,Pediatrics,Medical College,Group Practice,High,South,Karnataka,Bengaluru,Tier 1
HCP01572,Keya Kumar,Male,40,16,Gastroenterology,Medical College,Solo Practice,High,East,West Bengal,Kolkata,Tier 1
HCP01573,Sneha Sem,Female,35,11,Pediatrics,Clinic,Hospital Attached,Medium,West,Goa,Margao,Tier 3
HCP01574,Aadi Banerjee,Male,46,22,Neurology,Government,Group Practice,Medium,Central,Chhattisgarh,Raipur,Tier 2
HCP01575,Amol Vasa,Female,30,2,Oncology,Government,Group Practice,Medium,West,Maharashtra,Nagpur,Tier 2
HCP01576,Chasmum Ahuja,Male,58,34,Gastroenterology,Medical College,Hospital Attached,Medium,North,Uttar Pradesh,Lucknow,Tier 1
HCP01577,Tristan Kala,Female,50,23,General Medicine,Clinic,Group Practice,Medium,Central,Chhattisgarh,Raipur,Tier 2
HCP01578,Anthony Majumdar,Female,47,18,Nephrology,Medical College,Hospital Attached,High,South,Telangana,Hyderabad,Tier 1
HCP01579,Girindra Barad,Male,51,23,General Medicine,Private,Solo Practice,High,South,Tamil Nadu,Coimbatore,Tier 2
HCP01580,Ishani Dugal,Male,34,8,Dermatology,Medical College,Solo Practice,Low,North,Punjab,Amritsar,Tier 2
HCP01581,Alka Peri,Male,51,21,Oncology,Government,Hospital Attached,High,Central,Chhattisgarh,Bilaspur,Tier 3
HCP01582,Viraj Kunda,Female,30,6,General Medicine,Clinic,Solo Practice,Medium,North,Haryana,Gurugram,Tier 1
HCP01583,George Ratta,Female,45,16,General Medicine,Private,Hospital Attached,Medium,South,Karnataka,Mysuru,Tier 2
HCP01584,Faras Nair,Male,48,18,General Medicine,Medical College,Hospital Attached,Medium,East,Bihar,Patna,Tier 2
HCP01585,Oscar Sura,Male,61,33,Cardiology,Medical College,Hospital Attached,Medium,South,Andhra Pradesh,Visakhapatnam,Tier 2
HCP01586,Charita Barad,Female,48,18,Pulmonology,Private,Solo Practice,Medium,North,Delhi,New Delhi,Tier 1
HCP01587,Farhan Bhalla,Female,33,7,Orthopedics,Private,Hospital Attached,Medium,Central,Chhattisgarh,Bilaspur,Tier 3
HCP01588,Ijaya Saraf,Male,32,8,Psychiatry,Government,Solo Practice,Low,South,Tamil Nadu,Coimbatore,Tier 2
HCP01589,Jai Karan,Male,57,27,Endocrinology,Medical College,Solo Practice,Medium,East,Jharkhand,Ranchi,Tier 2
HCP01590,Lavanya Bhagat,Female,47,18,Pediatrics,Private,Hospital Attached,Low,South,Tamil Nadu,Coimbatore,Tier 2
HCP01591,Benjamin Nagar,Male,42,16,Endocrinology,Medical College,Hospital Attached,Medium,South,Karnataka,Bengaluru,Tier 1
HCP01592,Eta Thakkar,Female,40,16,Cardiology,Private,Hospital Attached,Medium,East,Odisha,Bhubaneswar,Tier 2
HCP01593,Michael Bedi,Male,37,10,Dermatology,Government,Solo Practice,Low,South,Telangana,Hyderabad,Tier 1
HCP01594,Sanaya Thaman,Female,39,13,General Medicine,Medical College,Group Practice,Medium,North,Uttar Pradesh,Lucknow,Tier 1
HCP01595,Tristan Sankaran,Male,50,23,Cardiology,Medical College,Hospital Attached,Medium,North,Haryana,Gurugram,Tier 1
HCP01596,Meera Divan,Female,31,4,Cardiology,Government,Solo Practice,Medium,South,Tamil Nadu,Coimbatore,Tier 2
HCP01597,Gayathri Butala,Female,40,14,General Medicine,Private,Hospital Attached,Medium,South,Telangana,Warangal,Tier 2
HCP01598,Chandran Rastogi,Female,61,34,General Medicine,Government,Hospital Attached,Low,West,Maharashtra,Nagpur,Tier 2
HCP01599,Frederick Rastogi,Male,42,18,General Medicine,Government,Hospital Attached,Medium,West,Maharashtra,Pune,Tier 1
HCP01600,Kalpit Deshmukh,Male,62,38,Cardiology,Medical College,Group Practice,Medium,Central,Chhattisgarh,Bilaspur,Tier 3
HCP01601,Rudra Sura,Male,45,18,Cardiology,Private,Group Practice,Medium,South,Tamil Nadu,Chennai,Tier 1
HCP01602,Rohan Viswanathan,Female,28,4,General Medicine,Medical College,Hospital Attached,Medium,West,Maharashtra,Pune,Tier 1
HCP01603,Xavier Bora,Male,38,12,Neurology,Private,Solo Practice,Medium,North,Uttar Pradesh,Lucknow,Tier 1
HCP01604,Qushi Naik,Female,37,13,Neurology,Medical College,Group Practice,Low,South,Telangana,Warangal,Tier 2
HCP01605,Isaiah Sachdev,Female,32,7,Neurology,Government,Hospital Attached,Medium,East,Assam,Guwahati,Tier 2
HCP01606,Jasmit Pall,Female,65,41,Pediatrics,Private,Group Practice,Low,South,Telangana,Warangal,Tier 2
HCP01607,Ekani Padmanabhan,Male,64,35,Nephrology,Private,Hospital Attached,Medium,South,Tamil Nadu,Coimbatore,Tier 2
HCP01608,Dalaja Gara,Male,34,10,Cardiology,Clinic,Group Practice,Medium,West,Maharashtra,Pune,Tier 1
HCP01609,Riya Dhingra,Female,62,36,Neurology,Clinic,Group Practice,Medium,East,Jharkhand,Ranchi,Tier 2
HCP01610,Chaitanya Kaur,Female,47,18,Endocrinology,Medical College,Solo Practice,Medium,Central,Chhattisgarh,Raipur,Tier 2
HCP01611,Kashvi Dugal,Male,37,10,Dermatology,Private,Group Practice,Medium,East,Bihar,Patna,Tier 2
HCP01612,Isaiah Bhagat,Male,64,35,Pulmonology,Medical College,Group Practice,Low,North,Delhi,New Delhi,Tier 1
HCP01613,Manbir Mani,Male,40,13,Neurology,Clinic,Hospital Attached,Medium,North,Uttar Pradesh,Lucknow,Tier 1
HCP01614,Hemal Choudhry,Female,61,36,Cardiology,Clinic,Group Practice,Medium,North,Delhi,New Delhi,Tier 1
HCP01615,Shivani Sinha,Female,45,19,General Medicine,Clinic,Hospital Attached,Low,West,Maharashtra,Mumbai,Tier 1
HCP01616,Garima Kadakia,Female,64,34,Gastroenterology,Clinic,Solo Practice,High,West,Gujarat,Surat,Tier 2
HCP01617,Samar Virk,Female,37,10,Neurology,Clinic,Hospital Attached,Medium,Central,Madhya Pradesh,Bhopal,Tier 2
HCP01618,Vasudha Dhaliwal,Male,47,20,Cardiology,Clinic,Solo Practice,Medium,West,Maharashtra,Pune,Tier 1
HCP01619,Krisha Vyas,Male,46,16,Orthopedics,Government,Group Practice,Medium,West,Maharashtra,Mumbai,Tier 1
HCP01620,Aadhya Garde,Female,50,21,Gastroenterology,Government,Group Practice,Low,South,Tamil Nadu,Chennai,Tier 1
HCP01621,Bhanumati Iyer,Female,60,31,Psychiatry,Private,Solo Practice,High,West,Maharashtra,Nagpur,Tier 2
HCP01622,Chatresh Shroff,Male,40,13,Orthopedics,Government,Group Practice,Low,South,Karnataka,Mysuru,Tier 2
HCP01623,Ekalinga Rama,Female,50,25,Gastroenterology,Medical College,Group Practice,Medium,East,Bihar,Patna,Tier 2
HCP01624,Jagvi Chokshi,Male,44,18,Orthopedics,Private,Hospital Attached,Medium,South,Telangana,Hyderabad,Tier 1
HCP01625,Brinda Raju,Female,65,40,Neurology,Private,Group Practice,Low,Central,Madhya Pradesh,Bhopal,Tier 2
HCP01626,Lajita Trivedi,Male,47,21,General Medicine,Medical College,Hospital Attached,Low,West,Goa,Margao,Tier 3
HCP01627,Diya Sundaram,Female,34,9,Orthopedics,Clinic,Hospital Attached,High,West,Maharashtra,Mumbai,Tier 1
HCP01628,Quincy Issac,Female,57,31,Pediatrics,Medical College,Group Practice,Medium,East,West Bengal,Kolkata,Tier 1
HCP01629,Anthony Baral,Male,54,30,Pulmonology,Clinic,Solo Practice,Medium,North,Chandigarh,Chandigarh,Tier 2
HCP01630,Dalaja Nath,Female,36,8,Orthopedics,Clinic,Solo Practice,High,North,Haryana,Gurugram,Tier 1
HCP01631,Maya Dugar,Female,36,9,Neurology,Medical College,Hospital Attached,Medium,South,Tamil Nadu,Coimbatore,Tier 2
HCP01632,Idika Pandey,Male,33,9,Cardiology,Government,Group Practice,Medium,North,Punjab,Ludhiana,Tier 2
HCP01633,Chasmum Keer,Female,64,37,Pulmonology,Government,Solo Practice,High,North,Delhi,Dwarka,Tier 1
HCP01634,David Kurian,Male,41,13,General Medicine,Medical College,Solo Practice,Low,West,Goa,Panaji,Tier 2
HCP01635,Ayushman Mammen,Male,47,18,Cardiology,Government,Group Practice,Medium,East,West Bengal,Kolkata,Tier 1
HCP01636,Max Om,Male,35,11,General Medicine,Government,Hospital Attached,Low,West,Maharashtra,Nagpur,Tier 2
HCP01637,Laksh Chahal,Male,34,7,General Medicine,Medical College,Group Practice,Low,Central,Chhattisgarh,Bilaspur,Tier 3
HCP01638,Utkarsh Sahni,Male,47,20,Pediatrics,Private,Solo Practice,High,South,Karnataka,Mysuru,Tier 2
HCP01639,Michael Sandhu,Female,67,38,Pediatrics,Government,Group Practice,Low,West,Maharashtra,Pune,Tier 1
HCP01640,Forum Sen,Male,39,14,Gastroenterology,Private,Solo Practice,Medium,South,Tamil Nadu,Chennai,Tier 1
HCP01641,Samuel Devi,Male,58,31,Cardiology,Government,Hospital Attached,Medium,South,Andhra Pradesh,Visakhapatnam,Tier 2
HCP01642,Lakshit More,Female,53,26,Pulmonology,Government,Group Practice,Medium,South,Kerala,Kochi,Tier 2
HCP01643,Qushi Dhillon,Female,37,13,Cardiology,Government,Hospital Attached,Medium,West,Rajasthan,Jaipur,Tier 2
HCP01644,Eesha Bir,Female,30,1,Neurology,Medical College,Solo Practice,High,West,Maharashtra,Nagpur,Tier 2
HCP01645,Qarin Nadkarni,Female,36,9,Dermatology,Medical College,Group Practice,Low,South,Telangana,Hyderabad,Tier 1
HCP01646,Ayushman Nagar,Male,50,22,Dermatology,Private,Group Practice,High,North,Delhi,New Delhi,Tier 1
HCP01647,Nisha Mitter,Female,60,36,General Medicine,Private,Group Practice,Medium,Central,Madhya Pradesh,Bhopal,Tier 2
HCP01648,Anusha Doshi,Female,57,28,Dermatology,Private,Group Practice,High,West,Goa,Panaji,Tier 2
HCP01649,Hredhaan Deep,Female,53,29,Oncology,Medical College,Group Practice,High,North,Delhi,New Delhi,Tier 1
HCP01650,Atharv Loke,Male,64,35,Oncology,Clinic,Solo Practice,Medium,North,Chandigarh,Chandigarh,Tier 2
HCP01651,Vincent Kashyap,Female,65,37,Gastroenterology,Government,Solo Practice,Low,West,Maharashtra,Pune,Tier 1
HCP01652,Jagrati Buch,Male,42,18,Neurology,Medical College,Hospital Attached,Medium,West,Rajasthan,Jaipur,Tier 2
HCP01653,Krish Thakkar,Male,43,19,Dermatology,Private,Hospital Attached,High,North,Punjab,Amritsar,Tier 2
HCP01654,Kashvi Gour,Female,32,8,Neurology,Government,Solo Practice,High,West,Goa,Panaji,Tier 2
HCP01655,Vyanjana Som,Male,56,26,Endocrinology,Government,Solo Practice,Medium,South,Kerala,Kochi,Tier 2
HCP01656,Nihal Hans,Female,52,27,Nephrology,Private,Solo Practice,Medium,Central,Chhattisgarh,Bilaspur,Tier 3
HCP01657,Bachittar Rege,Female,46,21,Cardiology,Private,Group Practice,High,West,Gujarat,Surat,Tier 2
HCP01658,Anamika Sachar,Male,33,5,General Medicine,Government,Solo Practice,Low,South,Karnataka,Mysuru,Tier 2
HCP01659,Samaksh Jayaraman,Male,28,2,Gastroenterology,Government,Group Practice,Low,South,Tamil Nadu,Coimbatore,Tier 2
HCP01660,Peter Sarna,Female,40,10,Cardiology,Medical College,Hospital Attached,Medium,North,Delhi,New Delhi,Tier 1
HCP01661,Ekta Shankar,Male,32,5,Pediatrics,Medical College,Solo Practice,Medium,North,Uttar Pradesh,Lucknow,Tier 1
HCP01662,Prisha Ravel,Male,61,35,General Medicine,Medical College,Solo Practice,Low,Central,Madhya Pradesh,Bhopal,Tier 2
HCP01663,Lajita Munshi,Female,29,4,Gastroenterology,Clinic,Group Practice,Medium,North,Uttar Pradesh,Noida,Tier 1
HCP01664,Balvan Verma,Female,32,2,Dermatology,Clinic,Solo Practice,Medium,South,Karnataka,Mysuru,Tier 2
HCP01665,Siya Shan,Male,61,33,Pediatrics,Medical College,Hospital Attached,Low,West,Gujarat,Ahmedabad,Tier 1
HCP01666,Yatan Venkataraman,Male,65,38,Oncology,Clinic,Hospital Attached,Low,South,Kerala,Kochi,Tier 2
HCP01667,Balveer Ram,Female,54,28,Cardiology,Government,Solo Practice,Low,South,Tamil Nadu,Chennai,Tier 1
HCP01668,Ranveer Manne,Female,31,6,Pediatrics,Government,Group Practice,High,South,Tamil Nadu,Chennai,Tier 1
HCP01669,Mitali Modi,Female,66,37,Neurology,Government,Hospital Attached,Medium,Central,Chhattisgarh,Raipur,Tier 2
HCP01670,Triya Ganesan,Male,45,16,General Medicine,Government,Group Practice,Medium,East,Assam,Guwahati,Tier 2
HCP01671,Chaitaly Bhagat,Female,55,28,Cardiology,Private,Solo Practice,High,South,Telangana,Warangal,Tier 2
HCP01672,Ubika Seth,Male,40,12,Orthopedics,Medical College,Hospital Attached,Medium,East,Bihar,Patna,Tier 2
HCP01673,Xiti Chowdhury,Male,63,36,General Medicine,Medical College,Hospital Attached,Low,North,Chandigarh,Chandigarh,Tier 2
HCP01674,Krishna Ramaswamy,Female,63,38,General Medicine,Government,Hospital Attached,High,North,Uttar Pradesh,Lucknow,Tier 1
HCP01675,Ekiya Seshadri,Female,50,25,Endocrinology,Government,Solo Practice,Low,South,Tamil Nadu,Chennai,Tier 1
HCP01676,Praneel Setty,Male,42,15,Pulmonology,Government,Solo Practice,High,East,Assam,Guwahati,Tier 2
HCP01677,Suhani Chana,Male,31,7,General Medicine,Medical College,Solo Practice,Medium,East,Odisha,Bhubaneswar,Tier 2
HCP01678,Ekiya Gade,Female,50,22,Neurology,Private,Group Practice,Low,Central,Chhattisgarh,Raipur,Tier 2
HCP01679,Gavin Comar,Female,58,29,General Medicine,Government,Solo Practice,Medium,South,Karnataka,Bengaluru,Tier 1
HCP01680,Janani Chada,Male,59,30,Pulmonology,Clinic,Solo Practice,Medium,East,Assam,Guwahati,Tier 2
HCP01681,Yasti Dutta,Female,51,21,Orthopedics,Private,Hospital Attached,High,South,Karnataka,Bengaluru,Tier 1
HCP01682,Lajita Bassi,Female,62,34,General Medicine,Clinic,Group Practice,High,North,Haryana,Gurugram,Tier 1
HCP01683,Gautami Doctor,Female,45,21,Cardiology,Private,Hospital Attached,Low,South,Andhra Pradesh,Visakhapatnam,Tier 2
HCP01684,Maanav Gola,Male,35,9,Pulmonology,Private,Solo Practice,High,West,Goa,Margao,Tier 3
HCP01685,Oni Morar,Female,57,33,General Medicine,Government,Group Practice,Medium,West,Maharashtra,Mumbai,Tier 1
HCP01686,Sanaya Mani,Female,47,17,Psychiatry,Government,Group Practice,High,Central,Madhya Pradesh,Bhopal,Tier 2
HCP01687,Jacob Deep,Female,59,35,Dermatology,Medical College,Group Practice,Low,East,Assam,Guwahati,Tier 2
HCP01688,Aarush Kulkarni,Male,52,27,Neurology,Government,Hospital Attached,Medium,West,Goa,Margao,Tier 3
HCP01689,Tara Tank,Female,29,1,Pulmonology,Clinic,Group Practice,High,South,Telangana,Warangal,Tier 2
HCP01690,Abdul Tak,Male,29,3,Pulmonology,Medical College,Group Practice,High,Central,Chhattisgarh,Bilaspur,Tier 3
HCP01691,Teerth Soni,Male,34,6,Endocrinology,Clinic,Hospital Attached,Medium,East,West Bengal,Kolkata,Tier 1
HCP01692,Nimrat Sathe,Female,38,11,Pediatrics,Private,Solo Practice,High,East,West Bengal,Kolkata,Tier 1
HCP01693,Abeer Konda,Female,45,21,Nephrology,Clinic,Group Practice,Medium,South,Tamil Nadu,Coimbatore,Tier 2
HCP01694,Sarthak Bawa,Male,67,41,Endocrinology,Clinic,Hospital Attached,High,West,Rajasthan,Jaipur,Tier 2
HCP01695,Manbir Bhakta,Male,35,9,Orthopedics,Clinic,Group Practice,High,East,West Bengal,Kolkata,Tier 1
HCP01696,Balhaar Dhillon,Female,57,33,Pediatrics,Medical College,Solo Practice,High,South,Tamil Nadu,Coimbatore,Tier 2
HCP01697,Chanchal Narula,Female,68,38,Orthopedics,Medical College,Solo Practice,Medium,North,Delhi,Dwarka,Tier 1
HCP01698,Chandran Chopra,Male,45,17,Orthopedics,Government,Group Practice,Low,Central,Madhya Pradesh,Indore,Tier 2
HCP01699,Pranav Edwin,Female,44,14,Pediatrics,Private,Hospital Attached,Low,East,West Bengal,Siliguri,Tier 2
HCP01700,Peter Shah,Male,42,18,Neurology,Private,Hospital Attached,Medium,North,Uttar Pradesh,Noida,Tier 1
HCP01701,Balendra Chander,Female,65,39,General Medicine,Private,Solo Practice,High,South,Karnataka,Bengaluru,Tier 1
HCP01702,Ekantika Pillay,Female,44,20,Neurology,Clinic,Hospital Attached,High,Central,Madhya Pradesh,Bhopal,Tier 2
HCP01703,Ekansh Sane,Male,50,26,General Medicine,Medical College,Solo Practice,Medium,South,Karnataka,Bengaluru,Tier 1
HCP01704,Brinda Sinha,Male,41,15,Orthopedics,Medical College,Solo Practice,Medium,South,Karnataka,Bengaluru,Tier 1
HCP01705,Jairaj Maharaj,Female,37,13,Endocrinology,Clinic,Group Practice,High,East,West Bengal,Siliguri,Tier 2
HCP01706,Odika Vohra,Female,58,32,Neurology,Private,Group Practice,Low,South,Karnataka,Bengaluru,Tier 1
HCP01707,Shaurya Bhardwaj,Male,65,41,General Medicine,Private,Group Practice,Medium,North,Uttar Pradesh,Noida,Tier 1
HCP01708,Gagan Sule,Female,41,14,Gastroenterology,Government,Hospital Attached,High,North,Haryana,Gurugram,Tier 1
HCP01709,Prisha Nadig,Female,33,9,Psychiatry,Private,Hospital Attached,Medium,South,Karnataka,Mysuru,Tier 2
HCP01710,Irya Dayal,Female,62,33,General Medicine,Government,Hospital Attached,Medium,North,Haryana,Gurugram,Tier 1
HCP01711,Zinal Tank,Female,48,22,General Medicine,Clinic,Solo Practice,Medium,West,Goa,Margao,Tier 3
HCP01712,Pranit Kaul,Female,42,15,Cardiology,Government,Hospital Attached,Low,South,Tamil Nadu,Coimbatore,Tier 2
HCP01713,Rishi Agarwal,Female,51,27,Endocrinology,Government,Group Practice,Medium,North,Delhi,Dwarka,Tier 1
HCP01714,Arjun Shroff,Male,56,26,Endocrinology,Private,Hospital Attached,Low,West,Goa,Margao,Tier 3
HCP01715,Sarthak Sachdeva,Female,65,36,General Medicine,Clinic,Group Practice,Medium,South,Telangana,Hyderabad,Tier 1
HCP01716,Chakradev Nath,Male,33,6,Pediatrics,Private,Hospital Attached,Medium,South,Kerala,Kochi,Tier 2
HCP01717,Simon Apte,Male,39,12,General Medicine,Government,Group Practice,Medium,East,Assam,Guwahati,Tier 2
HCP01718,Baghyawati Kumar,Female,34,9,Dermatology,Medical College,Solo Practice,Medium,Central,Chhattisgarh,Raipur,Tier 2
HCP01719,Darika Mital,Male,36,8,Dermatology,Medical College,Group Practice,Medium,East,Assam,Guwahati,Tier 2
HCP01720,Abeer Comar,Female,63,38,Pulmonology,Government,Group Practice,High,North,Delhi,New Delhi,Tier 1
HCP01721,Harita Randhawa,Female,65,37,Neurology,Government,Solo Practice,High,South,Telangana,Hyderabad,Tier 1
HCP01722,Parth Hari,Female,56,29,Neurology,Medical College,Group Practice,High,South,Kerala,Kochi,Tier 2
HCP01723,Hamsini Srinivas,Male,39,10,Pulmonology,Government,Solo Practice,High,West,Maharashtra,Pune,Tier 1
HCP01724,Balendra Deshpande,Female,57,30,Endocrinology,Private,Hospital Attached,High,South,Karnataka,Bengaluru,Tier 1
HCP01725,Nachiket Sharma,Female,34,9,Cardiology,Clinic,Solo Practice,Medium,West,Maharashtra,Pune,Tier 1
HCP01726,Turvi Sachdev,Female,46,20,Endocrinology,Private,Solo Practice,Low,South,Karnataka,Mysuru,Tier 2
HCP01727,Chandani Mutti,Male,55,27,Cardiology,Clinic,Solo Practice,Medium,South,Telangana,Warangal,Tier 2
HCP01728,Sathvik Narula,Male,35,9,Cardiology,Medical College,Solo Practice,High,Central,Chhattisgarh,Raipur,Tier 2
HCP01729,Dominic Dixit,Female,44,16,Pulmonology,Private,Hospital Attached,Medium,North,Delhi,Dwarka,Tier 1
HCP01730,Azaan Nori,Male,41,13,Gastroenterology,Private,Solo Practice,Medium,East,Odisha,Bhubaneswar,Tier 2
HCP01731,Noah Ramachandran,Male,62,34,Gastroenterology,Government,Group Practice,High,East,West Bengal,Kolkata,Tier 1
HCP01732,Jackson Morar,Male,51,26,Cardiology,Medical College,Hospital Attached,Medium,West,Rajasthan,Jaipur,Tier 2
HCP01733,Azad Magar,Male,57,31,Oncology,Government,Group Practice,High,Central,Chhattisgarh,Raipur,Tier 2
HCP01734,Gabriel Taneja,Female,44,20,Dermatology,Clinic,Hospital Attached,Medium,West,Goa,Panaji,Tier 2
HCP01735,Kamya Seth,Female,33,4,Gastroenterology,Government,Group Practice,Low,West,Goa,Margao,Tier 3
HCP01736,Tarak Vohra,Female,45,18,Neurology,Government,Hospital Attached,Medium,Central,Madhya Pradesh,Bhopal,Tier 2
HCP01737,Parth Choudhury,Male,55,31,Oncology,Clinic,Solo Practice,High,South,Telangana,Warangal,Tier 2
HCP01738,Baljiwan Jaggi,Male,68,39,General Medicine,Private,Hospital Attached,Medium,East,Bihar,Patna,Tier 2
HCP01739,Sachi Toor,Male,40,14,Pediatrics,Medical College,Solo Practice,High,North,Chandigarh,Chandigarh,Tier 2
HCP01740,Vasudha Tella,Female,36,11,Neurology,Government,Hospital Attached,High,Central,Madhya Pradesh,Indore,Tier 2
HCP01741,Ranveer Oak,Male,28,1,General Medicine,Private,Hospital Attached,Low,East,West Bengal,Kolkata,Tier 1
HCP01742,Dayita Narang,Female,44,16,Endocrinology,Private,Hospital Attached,Medium,South,Telangana,Hyderabad,Tier 1
HCP01743,Guneet Varty,Male,47,17,Cardiology,Clinic,Hospital Attached,Medium,South,Telangana,Hyderabad,Tier 1
HCP01744,Samesh Bansal,Female,66,40,Orthopedics,Clinic,Solo Practice,Low,South,Tamil Nadu,Chennai,Tier 1
HCP01745,Lila Vig,Female,54,27,Endocrinology,Medical College,Solo Practice,Low,North,Haryana,Gurugram,Tier 1
HCP01746,Aayush Mukhopadhyay,Female,35,9,Pulmonology,Private,Group Practice,High,South,Karnataka,Bengaluru,Tier 1
HCP01747,Gagan Nath,Female,66,39,Neurology,Government,Group Practice,Medium,Central,Chhattisgarh,Raipur,Tier 2
HCP01748,Chakradhar Chauhan,Male,54,30,Orthopedics,Clinic,Group Practice,Medium,East,West Bengal,Kolkata,Tier 1
HCP01749,Arin Muni,Female,53,23,Pediatrics,Medical College,Group Practice,High,East,West Bengal,Kolkata,Tier 1
HCP01750,Ekani Iyer,Female,59,30,Cardiology,Government,Group Practice,Medium,East,Bihar,Patna,Tier 2
HCP01751,Bhavini Malhotra,Male,64,39,Orthopedics,Government,Hospital Attached,Medium,West,Maharashtra,Nagpur,Tier 2
HCP01752,Ridhi Dalal,Male,66,38,General Medicine,Government,Group Practice,Low,South,Karnataka,Mysuru,Tier 2
HCP01753,Manthan Dugar,Female,50,20,Pulmonology,Government,Hospital Attached,Low,South,Tamil Nadu,Coimbatore,Tier 2
HCP01754,Ishwar Aurora,Male,51,23,General Medicine,Private,Hospital Attached,Medium,West,Gujarat,Ahmedabad,Tier 1
HCP01755,Samuel Palla,Male,46,16,General Medicine,Clinic,Group Practice,Medium,Central,Madhya Pradesh,Bhopal,Tier 2
HCP01756,Anika Dhaliwal,Male,28,4,Dermatology,Government,Hospital Attached,Medium,North,Delhi,Dwarka,Tier 1
HCP01757,Yash Garg,Female,30,5,Cardiology,Government,Solo Practice,Medium,North,Delhi,Dwarka,Tier 1
HCP01758,Deepa Nigam,Male,30,4,Pulmonology,Medical College,Hospital Attached,Medium,South,Tamil Nadu,Coimbatore,Tier 2
HCP01759,Chandresh De,Female,33,9,General Medicine,Medical College,Solo Practice,Low,Central,Madhya Pradesh,Indore,Tier 2
HCP01760,Urishilla Bedi,Male,34,5,Orthopedics,Medical College,Solo Practice,High,West,Maharashtra,Pune,Tier 1
HCP01761,Leela Bhagat,Female,48,21,Pediatrics,Government,Group Practice,Medium,East,Assam,Guwahati,Tier 2
HCP01762,Pooja Ramanathan,Male,34,8,Psychiatry,Medical College,Group Practice,Medium,North,Delhi,Dwarka,Tier 1
HCP01763,Sanaya Parekh,Male,42,15,Orthopedics,Medical College,Group Practice,High,East,Jharkhand,Ranchi,Tier 2
HCP01764,Gaurangi Hora,Male,52,28,Nephrology,Medical College,Group Practice,High,South,Tamil Nadu,Chennai,Tier 1
HCP01765,Udyati Deep,Male,56,31,Orthopedics,Government,Group Practice,High,North,Haryana,Gurugram,Tier 1
HCP01766,Upadhriti Chatterjee,Female,51,24,Orthopedics,Clinic,Group Practice,Low,North,Haryana,Gurugram,Tier 1
HCP01767,Dayita Shroff,Male,34,6,General Medicine,Medical College,Hospital Attached,Low,East,Odisha,Bhubaneswar,Tier 2
HCP01768,Vincent Kapur,Male,53,25,Gastroenterology,Private,Solo Practice,High,North,Uttar Pradesh,Noida,Tier 1
HCP01769,Aarna Patla,Female,54,28,Pulmonology,Private,Solo Practice,Medium,West,Gujarat,Surat,Tier 2
HCP01770,Qadim Narayanan,Female,28,2,Pulmonology,Medical College,Hospital Attached,Medium,North,Uttar Pradesh,Noida,Tier 1
HCP01771,Sudiksha Sura,Male,48,21,Pulmonology,Government,Solo Practice,Medium,West,Goa,Panaji,Tier 2
HCP01772,Dhruv Soman,Male,52,27,Pulmonology,Private,Hospital Attached,High,West,Goa,Margao,Tier 3
HCP01773,Indali Srinivas,Male,40,13,Dermatology,Government,Solo Practice,High,South,Karnataka,Mysuru,Tier 2
HCP01774,Onkar Mandal,Female,38,9,Gastroenterology,Medical College,Solo Practice,High,West,Goa,Panaji,Tier 2
HCP01775,Joshua Trivedi,Female,53,29,Cardiology,Medical College,Group Practice,High,West,Goa,Panaji,Tier 2
HCP01776,Nidra Chhabra,Female,61,35,Neurology,Clinic,Hospital Attached,Medium,North,Delhi,Dwarka,Tier 1
HCP01777,Ekavir Mittal,Male,46,18,Neurology,Clinic,Hospital Attached,Medium,Central,Chhattisgarh,Bilaspur,Tier 3
HCP01778,Nandini Sachdev,Female,57,32,Oncology,Private,Solo Practice,Medium,North,Punjab,Ludhiana,Tier 2
HCP01779,Yagnesh Dutt,Female,28,2,Endocrinology,Private,Group Practice,Low,North,Uttar Pradesh,Lucknow,Tier 1
HCP01780,Leena Bhatti,Male,47,18,General Medicine,Government,Hospital Attached,Medium,East,Assam,Guwahati,Tier 2
HCP01781,Sathvik Sankar,Male,31,3,Pediatrics,Private,Solo Practice,Medium,West,Gujarat,Surat,Tier 2
HCP01782,Hema Keer,Male,50,21,General Medicine,Private,Group Practice,Medium,North,Uttar Pradesh,Lucknow,Tier 1
HCP01783,Faras Sur,Female,65,36,Cardiology,Medical College,Group Practice,Medium,North,Chandigarh,Chandigarh,Tier 2
HCP01784,Ubika Nanda,Male,32,4,General Medicine,Private,Group Practice,Low,East,West Bengal,Kolkata,Tier 1
HCP01785,Sai Goda,Male,36,6,Orthopedics,Medical College,Group Practice,Medium,East,Jharkhand,Ranchi,Tier 2
HCP01786,Nidra Boase,Female,67,38,Oncology,Private,Solo Practice,Low,North,Haryana,Gurugram,Tier 1
HCP01787,Ladli Narang,Male,41,17,Oncology,Private,Solo Practice,Low,Central,Chhattisgarh,Raipur,Tier 2
HCP01788,Darsh Chana,Male,48,24,Dermatology,Government,Solo Practice,Medium,North,Haryana,Gurugram,Tier 1
HCP01789,Liam Acharya,Female,55,26,Pediatrics,Clinic,Hospital Attached,High,Central,Chhattisgarh,Bilaspur,Tier 3
HCP01790,Manthan Sethi,Male,63,36,Endocrinology,Medical College,Hospital Attached,Medium,Central,Chhattisgarh,Raipur,Tier 2
HCP01791,Madhavi Sekhon,Female,61,35,Orthopedics,Private,Solo Practice,High,West,Gujarat,Ahmedabad,Tier 1
HCP01792,Samesh Nadig,Female,37,7,Pediatrics,Medical College,Group Practice,Medium,Central,Madhya Pradesh,Bhopal,Tier 2
HCP01793,Daksha Saran,Female,35,7,Dermatology,Clinic,Solo Practice,Low,East,West Bengal,Kolkata,Tier 1
HCP01794,Gaurav Anand,Female,57,27,Neurology,Medical College,Solo Practice,Medium,South,Telangana,Warangal,Tier 2
HCP01795,Joshua Menon,Male,52,26,General Medicine,Government,Solo Practice,Medium,West,Maharashtra,Mumbai,Tier 1
HCP01796,Kala Bera,Male,28,1,Cardiology,Government,Group Practice,High,West,Maharashtra,Mumbai,Tier 1
HCP01797,Jagrati Choudhary,Male,66,40,General Medicine,Clinic,Hospital Attached,Medium,North,Punjab,Amritsar,Tier 2
HCP01798,Azaan Keer,Male,44,18,Neurology,Government,Hospital Attached,High,Central,Madhya Pradesh,Bhopal,Tier 2
HCP01799,Meera Nadkarni,Female,59,34,Pediatrics,Government,Solo Practice,Medium,East,Bihar,Patna,Tier 2
HCP01800,Nidra Raj,Male,39,9,Dermatology,Government,Group Practice,High,North,Uttar Pradesh,Noida,Tier 1
HCP01801,Siddharth Ghose,Male,31,4,Neurology,Government,Group Practice,Low,Central,Chhattisgarh,Raipur,Tier 2
HCP01802,Liam Guha,Female,40,11,Neurology,Government,Group Practice,High,Central,Madhya Pradesh,Bhopal,Tier 2
HCP01803,Jagvi Sahni,Female,38,10,Pulmonology,Clinic,Hospital Attached,Low,South,Tamil Nadu,Coimbatore,Tier 2
HCP01804,Bhavya Dass,Female,54,24,Neurology,Government,Solo Practice,Low,West,Gujarat,Surat,Tier 2
HCP01805,Advay Bora,Male,45,21,General Medicine,Government,Group Practice,Medium,West,Rajasthan,Jaipur,Tier 2
HCP01806,Maanas Sur,Female,39,10,Pulmonology,Government,Group Practice,Medium,West,Maharashtra,Pune,Tier 1
HCP01807,Laban Chad,Female,35,9,Pediatrics,Government,Hospital Attached,High,South,Telangana,Hyderabad,Tier 1
HCP01808,Ojasvi Shah,Male,35,11,General Medicine,Government,Solo Practice,Medium,Central,Madhya Pradesh,Indore,Tier 2
HCP01809,Pranit Sha,Male,38,8,General Medicine,Clinic,Group Practice,Low,South,Telangana,Hyderabad,Tier 1
HCP01810,Shivani Rajagopalan,Male,47,17,Neurology,Private,Hospital Attached,High,North,Chandigarh,Chandigarh,Tier 2
HCP01811,Upkaar Grewal,Male,47,23,Endocrinology,Clinic,Solo Practice,Medium,East,Assam,Guwahati,Tier 2
HCP01812,Abhimanyu Tara,Female,54,29,Gastroenterology,Clinic,Solo Practice,Low,East,West Bengal,Kolkata,Tier 1
HCP01813,Yachana Luthra,Female,44,15,Pediatrics,Government,Group Practice,Medium,East,Odisha,Bhubaneswar,Tier 2
HCP01814,Jeevika Bandi,Female,50,20,Neurology,Medical College,Hospital Attached,Medium,North,Uttar Pradesh,Noida,Tier 1
HCP01815,Vasudha Pillay,Male,30,1,Orthopedics,Private,Hospital Attached,Medium,South,Tamil Nadu,Chennai,Tier 1
HCP01816,Vasatika Buch,Female,50,21,Gastroenterology,Clinic,Solo Practice,Medium,South,Karnataka,Bengaluru,Tier 1
HCP01817,Ati Shroff,Female,33,5,Gastroenterology,Clinic,Solo Practice,Medium,Central,Madhya Pradesh,Indore,Tier 2
HCP01818,Gaurang Korpal,Male,35,7,Neurology,Private,Group Practice,Low,North,Punjab,Ludhiana,Tier 2
HCP01819,Faras Zacharia,Female,51,23,Endocrinology,Government,Group Practice,High,West,Gujarat,Surat,Tier 2
HCP01820,Chatresh Oza,Female,28,3,Pediatrics,Clinic,Group Practice,Medium,North,Delhi,New Delhi,Tier 1
HCP01821,Upasna Setty,Male,39,13,Cardiology,Medical College,Hospital Attached,Low,East,Odisha,Bhubaneswar,Tier 2
HCP01822,Garima Sama,Male,56,26,Neurology,Medical College,Hospital Attached,Medium,North,Delhi,New Delhi,Tier 1
HCP01823,Chaitaly Mann,Male,44,15,Endocrinology,Clinic,Group Practice,Medium,Central,Madhya Pradesh,Indore,Tier 2
HCP01824,Balendra Modi,Female,30,5,Pulmonology,Government,Group Practice,Medium,Central,Chhattisgarh,Bilaspur,Tier 3
HCP01825,Darsh Solanki,Female,64,37,Orthopedics,Private,Hospital Attached,Low,Central,Chhattisgarh,Raipur,Tier 2
HCP01826,Charan Manne,Female,66,37,Oncology,Private,Hospital Attached,High,West,Goa,Panaji,Tier 2
HCP01827,Bhavini Sundaram,Male,49,19,Psychiatry,Government,Group Practice,High,South,Tamil Nadu,Chennai,Tier 1
HCP01828,Jonathan Tiwari,Male,50,23,Endocrinology,Medical College,Solo Practice,Medium,North,Chandigarh,Chandigarh,Tier 2
HCP01829,Arunima Krishnan,Male,39,13,Cardiology,Private,Solo Practice,High,Central,Chhattisgarh,Raipur,Tier 2
HCP01830,Avni Maharaj,Female,33,4,Cardiology,Clinic,Solo Practice,Medium,North,Delhi,Dwarka,Tier 1
HCP01831,Akshay Choudhury,Female,34,7,Orthopedics,Medical College,Hospital Attached,Low,East,Assam,Guwahati,Tier 2
HCP01832,Matthew Sekhon,Female,52,22,Pediatrics,Private,Solo Practice,Medium,North,Delhi,Dwarka,Tier 1
HCP01833,Parth Lal,Female,36,9,Gastroenterology,Clinic,Hospital Attached,High,South,Telangana,Warangal,Tier 2
HCP01834,Vedhika Golla,Female,66,39,Orthopedics,Clinic,Group Practice,Medium,West,Goa,Margao,Tier 3
HCP01835,Hemal Chad,Male,42,14,General Medicine,Private,Group Practice,Medium,West,Goa,Margao,Tier 3
HCP01836,Mitesh Tandon,Male,67,39,Pulmonology,Government,Hospital Attached,Low,Central,Chhattisgarh,Bilaspur,Tier 3
HCP01837,Leela Khanna,Female,40,16,Cardiology,Medical College,Solo Practice,Medium,South,Telangana,Warangal,Tier 2
HCP01838,Oliver Kade,Male,55,30,Cardiology,Medical College,Hospital Attached,High,West,Maharashtra,Mumbai,Tier 1
HCP01839,Chatura Lalla,Male,44,17,General Medicine,Medical College,Hospital Attached,Medium,West,Gujarat,Ahmedabad,Tier 1
HCP01840,Charles Ganesh,Male,57,27,General Medicine,Government,Hospital Attached,High,North,Uttar Pradesh,Noida,Tier 1
HCP01841,Mohini Soni,Male,38,12,General Medicine,Medical College,Hospital Attached,Medium,West,Gujarat,Surat,Tier 2
HCP01842,Vamakshi Walia,Female,53,26,Gastroenterology,Clinic,Group Practice,Medium,East,Assam,Guwahati,Tier 2
HCP01843,Ladli Ramakrishnan,Male,66,36,Gastroenterology,Medical College,Hospital Attached,Medium,West,Maharashtra,Pune,Tier 1
HCP01844,Adweta Dhillon,Female,49,19,Orthopedics,Clinic,Solo Practice,High,South,Karnataka,Bengaluru,Tier 1
HCP01845,Advik Mani,Female,62,32,Endocrinology,Government,Solo Practice,Low,South,Tamil Nadu,Chennai,Tier 1
HCP01846,Lavanya Mutti,Female,40,12,Gastroenterology,Medical College,Group Practice,Low,East,Odisha,Bhubaneswar,Tier 2
HCP01847,Gunbir Wali,Female,30,6,Dermatology,Medical College,Group Practice,Low,South,Telangana,Warangal,Tier 2
HCP01848,Rachana Mahajan,Female,44,17,Endocrinology,Clinic,Solo Practice,Medium,South,Andhra Pradesh,Visakhapatnam,Tier 2
HCP01849,Anamika Loke,Male,46,20,Endocrinology,Medical College,Group Practice,Medium,South,Andhra Pradesh,Visakhapatnam,Tier 2
HCP01850,Aadhya Raman,Male,66,42,Endocrinology,Government,Hospital Attached,High,South,Telangana,Warangal,Tier 2
HCP01851,Wyatt Hayer,Male,39,15,Orthopedics,Private,Hospital Attached,Low,North,Punjab,Amritsar,Tier 2
HCP01852,Pranit Munshi,Female,55,29,Endocrinology,Medical College,Hospital Attached,Medium,South,Kerala,Kochi,Tier 2
HCP01853,Abhiram Bir,Female,30,6,Endocrinology,Government,Solo Practice,Medium,North,Punjab,Amritsar,Tier 2
HCP01854,Nisha Chaudhari,Male,52,24,Nephrology,Government,Group Practice,High,South,Telangana,Hyderabad,Tier 1
HCP01855,Sanaya Panchal,Female,55,28,General Medicine,Clinic,Hospital Attached,Medium,West,Gujarat,Surat,Tier 2
HCP01856,Bhanumati Krishnamurthy,Male,55,31,Gastroenterology,Clinic,Group Practice,Medium,North,Punjab,Ludhiana,Tier 2
HCP01857,Bahadurjit Bajwa,Male,31,5,Orthopedics,Private,Group Practice,Medium,West,Gujarat,Surat,Tier 2
HCP01858,Dakshesh Kalla,Male,45,17,Neurology,Medical College,Solo Practice,Medium,West,Goa,Margao,Tier 3
HCP01859,Jagdish Chadha,Female,28,1,Cardiology,Medical College,Hospital Attached,Low,South,Tamil Nadu,Chennai,Tier 1
HCP01860,Keya Goyal,Female,57,29,Gastroenterology,Clinic,Solo Practice,Low,South,Tamil Nadu,Coimbatore,Tier 2
HCP01861,Qarin Kulkarni,Male,48,23,General Medicine,Clinic,Hospital Attached,High,West,Goa,Panaji,Tier 2
HCP01862,Unni Borra,Female,65,38,Neurology,Clinic,Hospital Attached,Medium,West,Maharashtra,Pune,Tier 1
HCP01863,Aradhana Sane,Male,49,23,Cardiology,Medical College,Solo Practice,Medium,North,Punjab,Ludhiana,Tier 2
HCP01864,Aarini Edwin,Female,41,13,Pulmonology,Medical College,Group Practice,Medium,West,Maharashtra,Nagpur,Tier 2
HCP01865,Aradhana Bhatia,Male,68,41,Orthopedics,Clinic,Solo Practice,Low,South,Karnataka,Mysuru,Tier 2
HCP01866,Lipika Natarajan,Female,47,21,Pulmonology,Medical College,Hospital Attached,Medium,South,Karnataka,Mysuru,Tier 2
HCP01867,Aarna Lanka,Male,67,39,General Medicine,Clinic,Hospital Attached,Medium,South,Karnataka,Bengaluru,Tier 1
HCP01868,Ridhi Boase,Male,46,18,Pulmonology,Private,Group Practice,High,South,Karnataka,Mysuru,Tier 2
HCP01869,Sai Ramaswamy,Male,52,24,Oncology,Government,Solo Practice,Medium,South,Andhra Pradesh,Visakhapatnam,Tier 2
HCP01870,Vyanjana Chopra,Male,35,7,Cardiology,Private,Hospital Attached,High,North,Punjab,Amritsar,Tier 2
HCP01871,Raagini Kamdar,Female,50,20,Cardiology,Clinic,Group Practice,High,West,Maharashtra,Mumbai,Tier 1
HCP01872,Riya Lad,Male,68,38,Neurology,Medical College,Solo Practice,High,South,Telangana,Warangal,Tier 2
HCP01873,Bakhshi Bora,Female,57,31,Gastroenterology,Medical College,Solo Practice,High,Central,Madhya Pradesh,Bhopal,Tier 2
HCP01874,Zashil Sehgal,Male,53,27,General Medicine,Clinic,Group Practice,Medium,South,Kerala,Kochi,Tier 2
HCP01875,Widisha Dixit,Male,52,24,Neurology,Medical College,Group Practice,Low,East,Odisha,Bhubaneswar,Tier 2
HCP01876,Baljiwan Ramakrishnan,Male,67,42,General Medicine,Government,Hospital Attached,Medium,South,Karnataka,Bengaluru,Tier 1
HCP01877,Max Narayan,Female,29,3,Orthopedics,Private,Hospital Attached,Medium,South,Tamil Nadu,Coimbatore,Tier 2
HCP01878,Aarush Varma,Male,51,27,Pulmonology,Medical College,Hospital Attached,Medium,North,Punjab,Amritsar,Tier 2
HCP01879,Vanya Sarin,Male,38,11,Endocrinology,Private,Solo Practice,Medium,Central,Madhya Pradesh,Bhopal,Tier 2
HCP01880,Ekaraj Zachariah,Male,48,23,Cardiology,Government,Solo Practice,Medium,East,Jharkhand,Ranchi,Tier 2
HCP01881,Aarush Rajagopalan,Female,43,14,Orthopedics,Private,Solo Practice,High,South,Andhra Pradesh,Visakhapatnam,Tier 2
HCP01882,Jairaj Wason,Male,66,36,Endocrinology,Private,Solo Practice,Medium,West,Gujarat,Ahmedabad,Tier 1
HCP01883,Gauri Mitter,Male,28,1,General Medicine,Medical College,Hospital Attached,High,Central,Madhya Pradesh,Bhopal,Tier 2
HCP01884,Christopher Chana,Female,32,2,Endocrinology,Clinic,Hospital Attached,Medium,East,Jharkhand,Ranchi,Tier 2
HCP01885,Harini Buch,Male,56,29,Gastroenterology,Government,Group Practice,High,West,Gujarat,Surat,Tier 2
HCP01886,Bimala Jain,Male,51,24,Pulmonology,Medical College,Group Practice,High,East,Odisha,Bhubaneswar,Tier 2
HCP01887,Balveer Rajagopalan,Male,37,7,Cardiology,Government,Hospital Attached,Low,East,West Bengal,Siliguri,Tier 2
HCP01888,Chandani Ramakrishnan,Female,49,24,Oncology,Medical College,Solo Practice,Medium,South,Karnataka,Bengaluru,Tier 1
HCP01889,Jagrati Sur,Female,32,5,Dermatology,Medical College,Solo Practice,High,South,Tamil Nadu,Chennai,Tier 1
HCP01890,Raksha Gupta,Female,46,17,Pediatrics,Medical College,Hospital Attached,Medium,North,Uttar Pradesh,Noida,Tier 1
HCP01891,Balendra Hans,Female,66,42,Pulmonology,Private,Hospital Attached,Medium,West,Gujarat,Surat,Tier 2
HCP01892,William Suresh,Male,51,23,Endocrinology,Clinic,Group Practice,High,West,Maharashtra,Mumbai,Tier 1
HCP01893,Dev Zachariah,Male,64,35,Cardiology,Medical College,Hospital Attached,Medium,West,Rajasthan,Jaipur,Tier 2
HCP01894,Xalak Walla,Male,37,9,Cardiology,Medical College,Group Practice,Medium,South,Karnataka,Mysuru,Tier 2
HCP01895,Amol Bansal,Male,41,13,Cardiology,Government,Group Practice,Medium,West,Maharashtra,Nagpur,Tier 2
HCP01896,Daksh Nazareth,Female,58,30,Oncology,Clinic,Hospital Attached,Low,South,Andhra Pradesh,Visakhapatnam,Tier 2
HCP01897,Nidra Dani,Female,61,35,Endocrinology,Medical College,Hospital Attached,Low,North,Delhi,New Delhi,Tier 1
HCP01898,Tara Yadav,Female,39,12,Dermatology,Government,Hospital Attached,High,East,Bihar,Patna,Tier 2
HCP01899,Viraj Bora,Female,42,16,Cardiology,Private,Group Practice,Medium,North,Delhi,New Delhi,Tier 1
HCP01900,Lohit Suresh,Male,40,14,Pediatrics,Government,Hospital Attached,High,North,Uttar Pradesh,Lucknow,Tier 1
HCP01901,Urishilla Bath,Male,40,14,Neurology,Medical College,Hospital Attached,Low,Central,Chhattisgarh,Raipur,Tier 2
HCP01902,Kalpit Atwal,Female,60,36,Cardiology,Government,Solo Practice,Medium,East,Jharkhand,Ranchi,Tier 2
HCP01903,Chandresh Mohanty,Male,43,17,Gastroenterology,Private,Hospital Attached,High,South,Telangana,Warangal,Tier 2
HCP01904,Tanmayi Garde,Male,42,13,Pulmonology,Private,Solo Practice,High,South,Karnataka,Mysuru,Tier 2
HCP01905,Hitesh Comar,Female,63,37,General Medicine,Private,Hospital Attached,High,North,Haryana,Gurugram,Tier 1
HCP01906,Thomas Bhatnagar,Male,36,8,Cardiology,Private,Solo Practice,Low,East,West Bengal,Kolkata,Tier 1
HCP01907,Pooja Nazareth,Female,57,33,Orthopedics,Government,Group Practice,High,South,Karnataka,Bengaluru,Tier 1
HCP01908,Ekta Dara,Male,40,13,General Medicine,Government,Group Practice,Low,East,Assam,Guwahati,Tier 2
HCP01909,Ekanta Kala,Male,66,39,Cardiology,Government,Hospital Attached,Medium,North,Delhi,New Delhi,Tier 1
HCP01910,Oscar Nayak,Male,56,26,Neurology,Medical College,Solo Practice,Medium,Central,Madhya Pradesh,Indore,Tier 2
HCP01911,Jai Mahal,Female,66,40,Pediatrics,Private,Group Practice,Medium,North,Punjab,Amritsar,Tier 2
HCP01912,Ojasvi Ganguly,Female,47,21,Dermatology,Private,Group Practice,Medium,West,Rajasthan,Jaipur,Tier 2
HCP01913,Nitesh Sarna,Female,68,41,General Medicine,Private,Group Practice,Low,Central,Chhattisgarh,Bilaspur,Tier 3
HCP01914,Banjeet Deol,Female,59,34,General Medicine,Medical College,Hospital Attached,Medium,South,Karnataka,Bengaluru,Tier 1
HCP01915,Krisha Dugar,Female,49,20,Neurology,Private,Solo Practice,High,South,Kerala,Kochi,Tier 2
HCP01916,Vidhi Buch,Male,41,15,Pediatrics,Clinic,Hospital Attached,Medium,Central,Madhya Pradesh,Indore,Tier 2
HCP01917,Abhimanyu Gola,Female,67,42,Orthopedics,Private,Group Practice,Low,South,Tamil Nadu,Coimbatore,Tier 2
HCP01918,Bhanumati Saha,Female,38,8,General Medicine,Private,Group Practice,High,West,Goa,Panaji,Tier 2
HCP01919,Jonathan Jhaveri,Female,66,36,Endocrinology,Clinic,Solo Practice,High,South,Telangana,Hyderabad,Tier 1
HCP01920,Anika Virk,Female,47,21,General Medicine,Clinic,Hospital Attached,Medium,North,Punjab,Amritsar,Tier 2
HCP01921,Nisha Khare,Female,56,30,Pediatrics,Medical College,Group Practice,Low,West,Maharashtra,Mumbai,Tier 1
HCP01922,Baljiwan Gole,Female,31,4,Endocrinology,Private,Group Practice,High,South,Telangana,Hyderabad,Tier 1
HCP01923,Gaurang Mitra,Male,40,15,Neurology,Clinic,Group Practice,High,East,Odisha,Bhubaneswar,Tier 2
HCP01924,Omya Agrawal,Male,48,21,Gastroenterology,Clinic,Hospital Attached,Medium,South,Telangana,Warangal,Tier 2
HCP01925,Rehaan Dalal,Male,41,13,Pediatrics,Clinic,Solo Practice,Low,East,West Bengal,Siliguri,Tier 2
HCP01926,Janaki Zacharia,Male,48,19,Pediatrics,Medical College,Solo Practice,High,East,West Bengal,Siliguri,Tier 2
HCP01927,Ucchal Joshi,Female,59,34,Cardiology,Medical College,Solo Practice,Low,East,West Bengal,Siliguri,Tier 2
HCP01928,Chatresh Hari,Female,45,17,Endocrinology,Clinic,Solo Practice,Medium,Central,Chhattisgarh,Raipur,Tier 2
HCP01929,Manthan Som,Male,48,18,Pulmonology,Private,Solo Practice,Medium,West,Goa,Margao,Tier 3
HCP01930,Patrick Dutta,Male,63,39,Pediatrics,Clinic,Hospital Attached,Medium,East,West Bengal,Kolkata,Tier 1
HCP01931,Chatura Patla,Female,63,35,Gastroenterology,Government,Solo Practice,High,South,Telangana,Warangal,Tier 2
HCP01932,Shaurya Saran,Male,48,18,Endocrinology,Medical College,Hospital Attached,High,South,Tamil Nadu,Coimbatore,Tier 2
HCP01933,Gaurika Setty,Male,48,21,Cardiology,Clinic,Group Practice,Low,North,Punjab,Ludhiana,Tier 2
HCP01934,Hemang Ben,Female,44,16,Pulmonology,Government,Solo Practice,Low,Central,Chhattisgarh,Bilaspur,Tier 3
HCP01935,Nakul Balakrishnan,Female,55,28,Gastroenterology,Government,Hospital Attached,Low,North,Uttar Pradesh,Noida,Tier 1
HCP01936,Yutika D’Alia,Female,29,1,Pediatrics,Government,Hospital Attached,High,East,Odisha,Bhubaneswar,Tier 2
HCP01937,Wahab Saxena,Female,62,35,Cardiology,Clinic,Hospital Attached,Low,North,Punjab,Ludhiana,Tier 2
HCP01938,Oni Issac,Male,64,40,Psychiatry,Government,Hospital Attached,Low,North,Chandigarh,Chandigarh,Tier 2
HCP01939,Victor Choudhary,Male,64,37,Neurology,Private,Solo Practice,High,East,Jharkhand,Ranchi,Tier 2
HCP01940,Vedant Chaudhari,Female,45,18,Pediatrics,Private,Hospital Attached,Medium,North,Delhi,New Delhi,Tier 1
HCP01941,Nitara Iyengar,Male,64,38,Pediatrics,Medical College,Solo Practice,Medium,Central,Chhattisgarh,Bilaspur,Tier 3
HCP01942,Thomas Borah,Female,28,1,Gastroenterology,Government,Solo Practice,Low,East,West Bengal,Siliguri,Tier 2
HCP01943,Vedhika Bhagat,Female,37,11,Dermatology,Clinic,Hospital Attached,Medium,East,Odisha,Bhubaneswar,Tier 2
HCP01944,Maanav Kalita,Male,64,38,Dermatology,Private,Solo Practice,High,South,Telangana,Warangal,Tier 2
HCP01945,Pranav Ram,Male,47,22,General Medicine,Government,Solo Practice,Medium,East,West Bengal,Siliguri,Tier 2
HCP01946,Laban Shankar,Male,48,18,Cardiology,Private,Hospital Attached,Low,West,Maharashtra,Pune,Tier 1
HCP01947,Jagrati Madan,Female,38,11,Nephrology,Private,Solo Practice,High,North,Uttar Pradesh,Noida,Tier 1
HCP01948,Gautami Datta,Male,36,9,General Medicine,Medical College,Solo Practice,Medium,North,Delhi,New Delhi,Tier 1
HCP01949,Darpan Mand,Male,52,28,Pediatrics,Medical College,Solo Practice,Low,Central,Chhattisgarh,Raipur,Tier 2
HCP01950,Indrajit Shroff,Female,65,35,General Medicine,Private,Hospital Attached,High,East,West Bengal,Kolkata,Tier 1
HCP01951,Omya Garg,Male,38,8,Cardiology,Medical College,Hospital Attached,Medium,North,Chandigarh,Chandigarh,Tier 2
HCP01952,Thomas Merchant,Female,54,29,Cardiology,Government,Hospital Attached,Medium,West,Maharashtra,Nagpur,Tier 2
HCP01953,Onkar Karpe,Female,60,36,Oncology,Government,Solo Practice,Medium,North,Chandigarh,Chandigarh,Tier 2
HCP01954,Nisha Vig,Female,53,23,General Medicine,Clinic,Group Practice,High,West,Maharashtra,Pune,Tier 1
HCP01955,Tarak Solanki,Female,47,22,Nephrology,Government,Hospital Attached,Medium,East,Bihar,Patna,Tier 2
HCP01956,Arya Atwal,Female,58,34,Psychiatry,Clinic,Hospital Attached,Medium,West,Goa,Panaji,Tier 2
HCP01957,Yatin Kota,Female,30,5,Dermatology,Private,Hospital Attached,Low,East,Assam,Guwahati,Tier 2
HCP01958,Radha Kapadia,Male,36,7,Pediatrics,Government,Solo Practice,Medium,North,Haryana,Gurugram,Tier 1
HCP01959,Abdul Sahni,Male,46,20,Neurology,Private,Group Practice,Low,North,Chandigarh,Chandigarh,Tier 2
HCP01960,Banjeet Singhal,Male,39,13,Dermatology,Government,Solo Practice,Low,West,Gujarat,Ahmedabad,Tier 1
HCP01961,Pavani Wali,Male,47,20,Neurology,Clinic,Hospital Attached,Medium,South,Tamil Nadu,Chennai,Tier 1
HCP01962,Varenya Chaudhari,Male,49,25,Dermatology,Government,Hospital Attached,High,North,Uttar Pradesh,Noida,Tier 1
HCP01963,Warhi Khosla,Female,30,2,Endocrinology,Private,Solo Practice,Low,Central,Chhattisgarh,Raipur,Tier 2
HCP01964,Advik Ray,Female,42,18,Endocrinology,Government,Solo Practice,High,North,Punjab,Ludhiana,Tier 2
HCP01965,Kevin Parmer,Female,54,24,Dermatology,Medical College,Solo Practice,High,West,Rajasthan,Jaipur,Tier 2
HCP01966,William Chana,Male,47,20,Pediatrics,Clinic,Solo Practice,Medium,West,Maharashtra,Pune,Tier 1
HCP01967,Varsha Mody,Female,67,38,Pulmonology,Medical College,Group Practice,High,South,Telangana,Warangal,Tier 2
HCP01968,Tripti Bajwa,Male,36,11,Pediatrics,Private,Solo Practice,Medium,North,Chandigarh,Chandigarh,Tier 2
HCP01969,Ubika Devi,Male,53,27,Dermatology,Government,Solo Practice,Low,South,Karnataka,Bengaluru,Tier 1
HCP01970,Qasim Prabhakar,Male,47,21,Pulmonology,Medical College,Hospital Attached,Medium,West,Rajasthan,Jaipur,Tier 2
HCP01971,Aarav Bobal,Female,36,10,Pediatrics,Private,Hospital Attached,High,North,Delhi,New Delhi,Tier 1
HCP01972,Gaurangi Wali,Male,52,23,General Medicine,Private,Solo Practice,Low,South,Kerala,Kochi,Tier 2
HCP01973,Chaman Sandhu,Male,43,18,Endocrinology,Government,Hospital Attached,Medium,East,Assam,Guwahati,Tier 2
HCP01974,Sarthak Buch,Female,40,11,Dermatology,Medical College,Group Practice,High,West,Gujarat,Ahmedabad,Tier 1
HCP01975,Christopher Varma,Female,67,41,Orthopedics,Government,Hospital Attached,Medium,East,Jharkhand,Ranchi,Tier 2
HCP01976,Charan Choudhry,Female,49,24,Cardiology,Medical College,Hospital Attached,Medium,South,Tamil Nadu,Chennai,Tier 1
HCP01977,Jasmit Shroff,Male,49,19,Pediatrics,Government,Group Practice,Medium,West,Gujarat,Ahmedabad,Tier 1
HCP01978,Jasmit Peri,Male,62,37,General Medicine,Medical College,Solo Practice,Low,East,Bihar,Patna,Tier 2
HCP01979,Ekalinga Jayaraman,Female,36,6,Endocrinology,Medical College,Group Practice,Medium,West,Rajasthan,Jaipur,Tier 2
HCP01980,Gaurika Khare,Male,60,35,Endocrinology,Private,Solo Practice,High,North,Haryana,Gurugram,Tier 1
HCP01981,Vanya Kadakia,Male,29,4,Pulmonology,Clinic,Hospital Attached,Medium,South,Telangana,Warangal,Tier 2
HCP01982,Ekani Pandit,Male,64,34,Orthopedics,Government,Hospital Attached,Medium,Central,Chhattisgarh,Raipur,Tier 2
HCP01983,Yahvi Sampath,Male,61,36,Endocrinology,Government,Hospital Attached,Low,West,Gujarat,Ahmedabad,Tier 1
HCP01984,Chatura Bhatnagar,Male,37,9,Oncology,Medical College,Solo Practice,Medium,West,Gujarat,Ahmedabad,Tier 1
HCP01985,Hemani Sethi,Female,46,19,Oncology,Medical College,Group Practice,Medium,East,Bihar,Patna,Tier 2
HCP01986,Yachana Vyas,Male,47,23,General Medicine,Clinic,Solo Practice,High,West,Gujarat,Ahmedabad,Tier 1
HCP01987,Upma Wali,Male,31,1,Endocrinology,Private,Group Practice,High,North,Uttar Pradesh,Lucknow,Tier 1
HCP01988,Siya Pillai,Male,53,23,General Medicine,Medical College,Group Practice,Medium,North,Delhi,Dwarka,Tier 1
HCP01989,Raghav Shankar,Male,50,26,Cardiology,Clinic,Solo Practice,High,North,Haryana,Gurugram,Tier 1
HCP01990,Faris Raman,Male,65,36,General Medicine,Medical College,Solo Practice,Medium,West,Maharashtra,Pune,Tier 1
HCP01991,Bhavya Bose,Female,28,1,General Medicine,Clinic,Hospital Attached,Low,West,Goa,Panaji,Tier 2
HCP01992,Nitesh Majumdar,Female,42,13,Pediatrics,Government,Hospital Attached,High,South,Tamil Nadu,Coimbatore,Tier 2
HCP01993,Manbir Taneja,Female,37,13,Dermatology,Clinic,Group Practice,High,North,Punjab,Amritsar,Tier 2
HCP01994,Samarth Verma,Male,52,22,Dermatology,Government,Hospital Attached,Medium,East,West Bengal,Kolkata,Tier 1
HCP01995,Chaaya Saha,Male,59,29,Cardiology,Government,Solo Practice,High,North,Punjab,Amritsar,Tier 2
HCP01996,Urvi Palan,Female,43,13,Dermatology,Medical College,Hospital Attached,High,South,Telangana,Warangal,Tier 2
HCP01997,Sachi Bail,Female,31,2,General Medicine,Clinic,Hospital Attached,High,South,Telangana,Warangal,Tier 2
HCP01998,Ranbir Bhatnagar,Female,68,40,Endocrinology,Clinic,Group Practice,Low,South,Telangana,Warangal,Tier 2
HCP01999,Vincent Venkatesh,Male,59,34,Orthopedics,Private,Hospital Attached,Medium,North,Chandigarh,Chandigarh,Tier 2
HCP02000,Nisha Oza,Female,34,4,Gastroenterology,Medical College,Hospital Attached,Medium,West,Gujarat,Ahmedabad,Tier 1
HCP02001,Vedika Wagle,Female,66,38,Dermatology,Medical College,Solo Practice,Medium,West,Maharashtra,Mumbai,Tier 1
HCP02002,Tanvi Modi,Male,64,40,General Medicine,Private,Group Practice,Medium,East,Bihar,Patna,Tier 2
HCP02003,Damini Garg,Female,53,24,Pulmonology,Clinic,Hospital Attached,High,South,Karnataka,Bengaluru,Tier 1
HCP02004,Utkarsh Sule,Female,64,34,Orthopedics,Medical College,Hospital Attached,High,Central,Chhattisgarh,Raipur,Tier 2
HCP02005,Bhavya Batta,Female,29,4,Orthopedics,Government,Hospital Attached,High,East,Jharkhand,Ranchi,Tier 2
HCP02006,Ira Mane,Male,46,19,Gastroenterology,Medical College,Group Practice,Medium,North,Uttar Pradesh,Noida,Tier 1
HCP02007,Ojas Dyal,Female,50,25,Cardiology,Government,Group Practice,Medium,Central,Madhya Pradesh,Indore,Tier 2
HCP02008,Qabil Gill,Female,38,13,Orthopedics,Clinic,Hospital Attached,Medium,South,Karnataka,Bengaluru,Tier 1
HCP02009,Neel Khanna,Female,39,9,Pediatrics,Government,Group Practice,Medium,West,Gujarat,Ahmedabad,Tier 1
HCP02010,Benjamin Nadig,Male,48,18,Cardiology,Government,Hospital Attached,Medium,South,Andhra Pradesh,Visakhapatnam,Tier 2
HCP02011,Ridhi Lad,Female,68,43,Pulmonology,Private,Group Practice,High,South,Karnataka,Bengaluru,Tier 1
HCP02012,Qarin Jha,Female,50,24,Gastroenterology,Clinic,Solo Practice,High,West,Goa,Margao,Tier 3
HCP02013,Edhitha Padmanabhan,Female,29,5,General Medicine,Clinic,Hospital Attached,High,East,West Bengal,Kolkata,Tier 1
HCP02014,Kashish Sen,Female,63,35,General Medicine,Government,Solo Practice,Low,Central,Chhattisgarh,Raipur,Tier 2
HCP02015,Charvi Dara,Female,44,19,Pulmonology,Clinic,Group Practice,Low,East,Odisha,Bhubaneswar,Tier 2
HCP02016,Nidhi Tata,Female,34,4,Psychiatry,Clinic,Hospital Attached,Medium,North,Delhi,New Delhi,Tier 1
HCP02017,Tara Nagarajan,Male,48,23,Pediatrics,Government,Solo Practice,Medium,Central,Chhattisgarh,Raipur,Tier 2
HCP02018,Aayush Tripathi,Female,29,2,Cardiology,Private,Solo Practice,High,West,Maharashtra,Nagpur,Tier 2
HCP02019,Chakrika Som,Female,41,16,General Medicine,Private,Solo Practice,High,West,Maharashtra,Mumbai,Tier 1
HCP02020,Manan Sathe,Female,56,29,Orthopedics,Private,Group Practice,Low,North,Delhi,Dwarka,Tier 1
HCP02021,Isaiah Srinivas,Female,68,40,Dermatology,Medical College,Hospital Attached,Medium,Central,Madhya Pradesh,Indore,Tier 2
HCP02022,Liam Dada,Female,44,17,Endocrinology,Private,Group Practice,Medium,East,Assam,Guwahati,Tier 2
HCP02023,Aryan Ratti,Male,36,10,Dermatology,Private,Hospital Attached,Medium,South,Telangana,Warangal,Tier 2
HCP02024,Sanaya Parikh,Male,60,31,Pediatrics,Clinic,Solo Practice,High,North,Punjab,Amritsar,Tier 2
HCP02025,Eta Bhakta,Male,50,21,Pulmonology,Private,Group Practice,Medium,North,Delhi,Dwarka,Tier 1
HCP02026,Tristan Mall,Male,57,29,Pediatrics,Medical College,Solo Practice,High,Central,Madhya Pradesh,Bhopal,Tier 2
HCP02027,Arin Chacko,Male,29,1,Pediatrics,Government,Group Practice,Medium,North,Chandigarh,Chandigarh,Tier 2
HCP02028,Gagan Vala,Male,32,3,Endocrinology,Clinic,Hospital Attached,Medium,South,Karnataka,Bengaluru,Tier 1
HCP02029,Robert Swaminathan,Male,66,39,Pediatrics,Private,Group Practice,Low,Central,Chhattisgarh,Raipur,Tier 2
HCP02030,Yasti Bhalla,Female,47,19,Pulmonology,Clinic,Group Practice,Low,South,Telangana,Hyderabad,Tier 1
HCP02031,Mitali Divan,Female,37,7,Orthopedics,Clinic,Solo Practice,High,South,Telangana,Hyderabad,Tier 1
HCP02032,Kala Raju,Male,50,22,General Medicine,Government,Hospital Attached,Low,North,Uttar Pradesh,Lucknow,Tier 1
HCP02033,Advik Mane,Female,38,9,General Medicine,Private,Solo Practice,Low,West,Maharashtra,Mumbai,Tier 1
HCP02034,Indali Morar,Female,35,9,General Medicine,Medical College,Hospital Attached,High,North,Punjab,Ludhiana,Tier 2
HCP02035,Gagan Kale,Female,54,27,Pulmonology,Private,Group Practice,Low,Central,Chhattisgarh,Bilaspur,Tier 3
HCP02036,Ojasvi Savant,Female,50,25,Pulmonology,Clinic,Group Practice,Low,West,Maharashtra,Nagpur,Tier 2
HCP02037,Nihal Samra,Female,53,28,Cardiology,Government,Group Practice,Medium,West,Gujarat,Ahmedabad,Tier 1
HCP02038,Liam Chadha,Male,61,35,General Medicine,Government,Hospital Attached,Low,South,Telangana,Hyderabad,Tier 1
HCP02039,Sarthak Mitter,Female,34,9,General Medicine,Government,Solo Practice,Medium,Central,Chhattisgarh,Bilaspur,Tier 3
HCP02040,Gautami Bhatti,Female,29,1,Oncology,Clinic,Solo Practice,High,South,Telangana,Warangal,Tier 2
HCP02041,Gaurang Ahuja,Male,68,40,Pediatrics,Private,Group Practice,Low,West,Gujarat,Surat,Tier 2
HCP02042,Anjali Sachdeva,Male,66,40,Orthopedics,Medical College,Hospital Attached,High,South,Telangana,Hyderabad,Tier 1
HCP02043,Turvi Devan,Male,60,35,Gastroenterology,Medical College,Solo Practice,Medium,Central,Madhya Pradesh,Indore,Tier 2
HCP02044,Quincy Raj,Male,47,21,General Medicine,Private,Hospital Attached,Medium,North,Punjab,Amritsar,Tier 2
HCP02045,Vritti Basak,Male,59,34,Orthopedics,Clinic,Group Practice,High,East,Assam,Guwahati,Tier 2
HCP02046,Daksha Tak,Female,56,32,Neurology,Government,Group Practice,Low,South,Karnataka,Mysuru,Tier 2
HCP02047,Udarsh Bala,Male,43,13,Pediatrics,Medical College,Solo Practice,Medium,East,Bihar,Patna,Tier 2
HCP02048,Mitesh Lala,Female,65,41,Dermatology,Government,Hospital Attached,Medium,South,Kerala,Kochi,Tier 2
HCP02049,Urmi Dash,Female,62,33,Cardiology,Clinic,Solo Practice,Medium,East,West Bengal,Siliguri,Tier 2
HCP02050,Omisha Gola,Male,46,17,Pediatrics,Medical College,Group Practice,Low,Central,Chhattisgarh,Bilaspur,Tier 3
HCP02051,Yash Balakrishnan,Male,59,35,Endocrinology,Medical College,Hospital Attached,Medium,North,Punjab,Amritsar,Tier 2
HCP02052,Aradhana Tailor,Female,46,16,Neurology,Government,Hospital Attached,High,West,Gujarat,Ahmedabad,Tier 1
HCP02053,Janaki Srivastava,Male,33,7,Dermatology,Private,Hospital Attached,Medium,Central,Madhya Pradesh,Bhopal,Tier 2
HCP02054,Aarna Soni,Male,62,38,General Medicine,Clinic,Group Practice,Low,East,West Bengal,Siliguri,Tier 2
HCP02055,Kashvi Vala,Male,55,26,Pediatrics,Private,Hospital Attached,Medium,South,Karnataka,Mysuru,Tier 2
HCP02056,Aashi Gaba,Male,41,17,Pediatrics,Private,Solo Practice,High,West,Maharashtra,Nagpur,Tier 2
HCP02057,Madhav Nagarajan,Male,41,14,Cardiology,Government,Solo Practice,High,South,Karnataka,Mysuru,Tier 2
HCP02058,Krishna Parikh,Male,35,9,General Medicine,Private,Hospital Attached,High,West,Gujarat,Surat,Tier 2
HCP02059,Chatresh Mahajan,Female,39,12,Gastroenterology,Clinic,Group Practice,Low,Central,Chhattisgarh,Raipur,Tier 2
HCP02060,Oni Parekh,Male,66,41,Neurology,Clinic,Group Practice,Medium,North,Delhi,Dwarka,Tier 1
HCP02061,Bimala Manne,Female,41,12,Pulmonology,Clinic,Group Practice,Medium,South,Andhra Pradesh,Visakhapatnam,Tier 2
HCP02062,Yoshita Hari,Female,54,27,Cardiology,Private,Group Practice,Medium,West,Goa,Margao,Tier 3
HCP02063,Girindra Ganesh,Male,68,39,Endocrinology,Medical College,Solo Practice,Medium,West,Maharashtra,Pune,Tier 1
HCP02064,Diya Mitra,Male,32,3,General Medicine,Private,Group Practice,Low,South,Telangana,Hyderabad,Tier 1
HCP02065,Janani Char,Female,38,9,Cardiology,Medical College,Group Practice,Medium,Central,Chhattisgarh,Bilaspur,Tier 3
HCP02066,Maanas Arya,Female,64,38,General Medicine,Government,Group Practice,High,North,Chandigarh,Chandigarh,Tier 2
HCP02067,Zarna Manda,Male,33,5,Dermatology,Private,Solo Practice,Medium,South,Karnataka,Mysuru,Tier 2
HCP02068,Vedhika Sabharwal,Male,58,31,General Medicine,Private,Solo Practice,High,West,Maharashtra,Pune,Tier 1
HCP02069,Nicholas Chaudry,Male,33,3,Pulmonology,Government,Solo Practice,Medium,East,Assam,Guwahati,Tier 2
HCP02070,Mohammed Thakur,Female,56,27,General Medicine,Government,Hospital Attached,High,South,Karnataka,Bengaluru,Tier 1
HCP02071,Raghav Vora,Male,41,12,Cardiology,Government,Solo Practice,Medium,North,Delhi,New Delhi,Tier 1
HCP02072,Omisha Sharma,Female,39,13,Pediatrics,Government,Group Practice,Medium,South,Andhra Pradesh,Visakhapatnam,Tier 2
HCP02073,Jackson Deep,Female,60,36,Cardiology,Private,Group Practice,Medium,West,Rajasthan,Jaipur,Tier 2
HCP02074,Varsha Pall,Female,29,1,Pediatrics,Private,Hospital Attached,Medium,North,Uttar Pradesh,Noida,Tier 1
HCP02075,Janani Dewan,Male,37,9,Psychiatry,Government,Solo Practice,Medium,West,Goa,Panaji,Tier 2
HCP02076,Hema Gera,Female,61,33,General Medicine,Private,Hospital Attached,High,South,Karnataka,Bengaluru,Tier 1
HCP02077,Ayush Dani,Female,30,5,Oncology,Private,Solo Practice,Medium,West,Goa,Margao,Tier 3
HCP02078,Kabir Dhar,Male,52,22,Orthopedics,Private,Hospital Attached,Low,South,Andhra Pradesh,Visakhapatnam,Tier 2
HCP02079,Damyanti Dass,Male,29,1,Gastroenterology,Medical College,Hospital Attached,Medium,East,West Bengal,Kolkata,Tier 1
HCP02080,Kalpit Brar,Female,67,40,Pediatrics,Private,Hospital Attached,Medium,West,Maharashtra,Mumbai,Tier 1
HCP02081,Isaac Brahmbhatt,Female,50,21,Pediatrics,Private,Group Practice,Medium,East,Odisha,Bhubaneswar,Tier 2
HCP02082,Veda Sankar,Female,42,17,Cardiology,Private,Group Practice,High,West,Goa,Panaji,Tier 2
HCP02083,Ronith Chokshi,Male,51,22,General Medicine,Clinic,Solo Practice,Low,East,West Bengal,Kolkata,Tier 1
HCP02084,Yochana Bhargava,Female,62,32,Cardiology,Medical College,Solo Practice,High,North,Delhi,New Delhi,Tier 1
HCP02085,Jagat Kulkarni,Female,41,14,Pediatrics,Medical College,Group Practice,High,North,Uttar Pradesh,Lucknow,Tier 1
HCP02086,Dominic Mitra,Female,52,25,Endocrinology,Clinic,Hospital Attached,Medium,Central,Chhattisgarh,Bilaspur,Tier 3
HCP02087,Gopal Dasgupta,Male,43,18,Pulmonology,Private,Hospital Attached,Medium,South,Telangana,Hyderabad,Tier 1
HCP02088,Ryan Goyal,Female,57,29,Dermatology,Medical College,Group Practice,Medium,West,Goa,Panaji,Tier 2
HCP02089,Ayush Chana,Male,53,28,Pediatrics,Medical College,Group Practice,High,West,Gujarat,Ahmedabad,Tier 1
HCP02090,Arunima Pall,Female,31,6,Cardiology,Private,Hospital Attached,Medium,West,Maharashtra,Nagpur,Tier 2
HCP02091,Naveen Tella,Female,39,12,General Medicine,Private,Group Practice,Medium,East,Assam,Guwahati,Tier 2
HCP02092,Yashasvi Bir,Male,45,16,Neurology,Private,Hospital Attached,Medium,East,Bihar,Patna,Tier 2
HCP02093,Akshay Wadhwa,Male,37,10,Cardiology,Private,Hospital Attached,Low,West,Maharashtra,Pune,Tier 1
HCP02094,Rehaan Manda,Female,48,20,Oncology,Government,Hospital Attached,Low,North,Delhi,New Delhi,Tier 1
HCP02095,Aayush Chaudhary,Male,33,9,General Medicine,Government,Group Practice,High,West,Rajasthan,Jaipur,Tier 2
HCP02096,Yamini Soman,Female,50,25,Pulmonology,Private,Group Practice,High,South,Tamil Nadu,Chennai,Tier 1
HCP02097,Qasim Sarraf,Female,67,41,Orthopedics,Medical College,Group Practice,Medium,West,Maharashtra,Nagpur,Tier 2
HCP02098,Pratyush Pant,Male,46,20,General Medicine,Private,Solo Practice,Low,North,Uttar Pradesh,Lucknow,Tier 1
HCP02099,Panini Kala,Male,62,34,Endocrinology,Medical College,Hospital Attached,High,South,Telangana,Hyderabad,Tier 1
HCP02100,Nikita Chowdhury,Male,35,6,Oncology,Medical College,Solo Practice,High,South,Kerala,Kochi,Tier 2
HCP02101,Jatin Shukla,Male,52,25,Endocrinology,Private,Solo Practice,Medium,South,Telangana,Warangal,Tier 2
HCP02102,Zinal Deshpande,Female,56,28,Orthopedics,Medical College,Solo Practice,High,West,Goa,Margao,Tier 3
HCP02103,Jalsa Mani,Female,49,25,Dermatology,Government,Solo Practice,Low,North,Uttar Pradesh,Noida,Tier 1
HCP02104,Fitan Narang,Female,53,28,General Medicine,Private,Hospital Attached,Medium,East,Jharkhand,Ranchi,Tier 2
HCP02105,Jack Rajan,Male,50,22,Nephrology,Medical College,Solo Practice,Medium,West,Maharashtra,Mumbai,Tier 1
HCP02106,Tanmayi Muni,Female,38,12,Dermatology,Private,Hospital Attached,Medium,South,Karnataka,Bengaluru,Tier 1
HCP02107,Upkaar Reddy,Male,59,33,Oncology,Government,Hospital Attached,Low,North,Delhi,New Delhi,Tier 1
HCP02108,Priya Gulati,Female,44,17,Nephrology,Clinic,Solo Practice,Medium,South,Andhra Pradesh,Visakhapatnam,Tier 2
HCP02109,Vamakshi Pillai,Female,33,7,Orthopedics,Private,Hospital Attached,Low,South,Tamil Nadu,Chennai,Tier 1
HCP02110,Agastya Swamy,Male,47,20,General Medicine,Medical College,Group Practice,Medium,South,Kerala,Kochi,Tier 2
HCP02111,Meghana Sarma,Female,52,26,Endocrinology,Medical College,Group Practice,High,North,Haryana,Gurugram,Tier 1
HCP02112,Jagdish Dhar,Male,50,21,Cardiology,Private,Group Practice,Medium,South,Telangana,Hyderabad,Tier 1
HCP02113,Nandini Chaudry,Male,56,27,General Medicine,Clinic,Hospital Attached,High,North,Chandigarh,Chandigarh,Tier 2
HCP02114,Dhruv Patla,Male,36,6,Pulmonology,Private,Solo Practice,Low,North,Uttar Pradesh,Noida,Tier 1
HCP02115,Hamsini Iyer,Male,37,9,Gastroenterology,Government,Solo Practice,Low,North,Punjab,Ludhiana,Tier 2
HCP02116,Jason Kaul,Male,49,19,Oncology,Government,Solo Practice,Medium,East,Odisha,Bhubaneswar,Tier 2
HCP02117,Xalak Mallick,Female,68,38,Endocrinology,Government,Hospital Attached,Low,North,Punjab,Amritsar,Tier 2
HCP02118,Mugdha Parekh,Male,40,11,Oncology,Private,Solo Practice,High,North,Punjab,Ludhiana,Tier 2
HCP02119,Nidhi Sundaram,Male,28,1,Gastroenterology,Private,Solo Practice,Low,South,Andhra Pradesh,Visakhapatnam,Tier 2
HCP02120,Manan Sha,Male,52,26,Neurology,Private,Group Practice,High,North,Chandigarh,Chandigarh,Tier 2
HCP02121,Jason Krishna,Female,66,37,General Medicine,Clinic,Hospital Attached,Medium,West,Rajasthan,Jaipur,Tier 2
HCP02122,Widisha Kashyap,Male,56,31,Pediatrics,Government,Solo Practice,High,South,Telangana,Hyderabad,Tier 1
HCP02123,Ayushman Chaudhary,Female,37,9,Orthopedics,Private,Hospital Attached,Low,East,West Bengal,Kolkata,Tier 1
HCP02124,Ekansh Tara,Male,40,15,Dermatology,Private,Solo Practice,Medium,West,Gujarat,Ahmedabad,Tier 1
HCP02125,Praneel Raja,Female,66,39,Pediatrics,Clinic,Solo Practice,Medium,South,Telangana,Hyderabad,Tier 1
HCP02126,Michael Mitter,Female,43,15,General Medicine,Clinic,Group Practice,High,South,Andhra Pradesh,Visakhapatnam,Tier 2
HCP02127,Faraj Venkatesh,Male,31,7,Pediatrics,Government,Hospital Attached,High,West,Goa,Panaji,Tier 2
HCP02128,Unnati Jaggi,Female,33,4,Pulmonology,Medical College,Solo Practice,High,West,Goa,Panaji,Tier 2
HCP02129,Widisha Swaminathan,Male,48,20,Gastroenterology,Clinic,Hospital Attached,Medium,West,Rajasthan,Jaipur,Tier 2
HCP02130,Hemal Zachariah,Male,64,38,Pulmonology,Clinic,Group Practice,Medium,East,Assam,Guwahati,Tier 2
HCP02131,Azad Sani,Female,51,24,Cardiology,Medical College,Group Practice,Medium,East,West Bengal,Kolkata,Tier 1
HCP02132,Leela Sengupta,Male,42,14,General Medicine,Clinic,Group Practice,Medium,West,Maharashtra,Nagpur,Tier 2
HCP02133,Krisha Savant,Female,48,18,Dermatology,Medical College,Group Practice,High,South,Tamil Nadu,Chennai,Tier 1
HCP02134,Balendra Bali,Female,56,31,General Medicine,Medical College,Group Practice,High,South,Kerala,Kochi,Tier 2
HCP02135,Chavvi Gala,Male,48,21,Nephrology,Private,Group Practice,Medium,North,Uttar Pradesh,Lucknow,Tier 1
HCP02136,Raagini Desai,Female,39,14,Orthopedics,Private,Solo Practice,Low,West,Maharashtra,Mumbai,Tier 1
HCP02137,Lopa Sura,Female,58,33,Cardiology,Private,Solo Practice,Medium,West,Maharashtra,Pune,Tier 1
HCP02138,Vritti Zacharia,Male,47,17,Psychiatry,Clinic,Solo Practice,Low,West,Maharashtra,Nagpur,Tier 2
HCP02139,Vamakshi Dugar,Female,55,28,Oncology,Private,Group Practice,High,West,Gujarat,Surat,Tier 2
HCP02140,Mahika Lall,Male,50,26,General Medicine,Clinic,Hospital Attached,Medium,West,Maharashtra,Pune,Tier 1
HCP02141,Krishna Pandit,Female,37,12,Pediatrics,Medical College,Solo Practice,Medium,South,Telangana,Warangal,Tier 2
HCP02142,Ekani Bhat,Male,47,18,General Medicine,Clinic,Hospital Attached,Medium,East,West Bengal,Kolkata,Tier 1
HCP02143,Chakradev Dave,Male,66,41,Orthopedics,Clinic,Hospital Attached,Medium,West,Maharashtra,Mumbai,Tier 1
HCP02144,Ikshita Bala,Male,51,23,Psychiatry,Government,Solo Practice,Medium,North,Delhi,Dwarka,Tier 1
HCP02145,Lajita Chatterjee,Female,43,18,Oncology,Private,Group Practice,Medium,South,Kerala,Kochi,Tier 2
HCP02146,Hemani Parikh,Female,45,17,Endocrinology,Clinic,Hospital Attached,Low,West,Goa,Panaji,Tier 2
HCP02147,Indali Bhalla,Male,48,18,Neurology,Private,Hospital Attached,Medium,West,Gujarat,Ahmedabad,Tier 1
HCP02148,Yug Keer,Male,43,16,Orthopedics,Government,Group Practice,Medium,South,Karnataka,Mysuru,Tier 2
HCP02149,Frado Bhatti,Male,52,22,General Medicine,Clinic,Solo Practice,Medium,West,Rajasthan,Jaipur,Tier 2
HCP02150,Ishwar Nazareth,Female,66,37,Cardiology,Medical College,Group Practice,High,North,Punjab,Amritsar,Tier 2
HCP02151,Anmol Yohannan,Female,37,11,Dermatology,Government,Group Practice,Low,Central,Chhattisgarh,Raipur,Tier 2
HCP02152,Baljiwan Sharma,Male,48,22,Gastroenterology,Medical College,Hospital Attached,Low,Central,Madhya Pradesh,Indore,Tier 2
HCP02153,Yutika Sama,Female,48,21,Nephrology,Private,Hospital Attached,Low,Central,Chhattisgarh,Raipur,Tier 2
HCP02154,Anmol Singh,Male,46,17,General Medicine,Private,Hospital Attached,High,Central,Chhattisgarh,Raipur,Tier 2
HCP02155,Edhitha Purohit,Female,43,13,Endocrinology,Government,Group Practice,Medium,East,West Bengal,Siliguri,Tier 2
HCP02156,Ekantika Chaudhari,Male,46,22,General Medicine,Medical College,Solo Practice,Medium,North,Uttar Pradesh,Lucknow,Tier 1
HCP02157,Harish Jha,Male,56,27,Endocrinology,Private,Hospital Attached,Medium,South,Tamil Nadu,Chennai,Tier 1
HCP02158,Watika Thakkar,Female,34,8,Pediatrics,Private,Hospital Attached,Medium,East,West Bengal,Siliguri,Tier 2
HCP02159,Ojas Mistry,Female,38,10,General Medicine,Government,Solo Practice,Low,West,Maharashtra,Nagpur,Tier 2
HCP02160,Rajata Jaggi,Female,63,36,Endocrinology,Clinic,Hospital Attached,Medium,South,Karnataka,Bengaluru,Tier 1
HCP02161,Faqid Wason,Male,68,41,Neurology,Medical College,Solo Practice,Medium,Central,Chhattisgarh,Bilaspur,Tier 3
HCP02162,Bhavna Lanka,Male,46,20,Orthopedics,Government,Hospital Attached,Low,West,Gujarat,Ahmedabad,Tier 1
HCP02163,Chameli Ratti,Male,59,35,Oncology,Private,Solo Practice,Low,East,Bihar,Patna,Tier 2
HCP02164,George Chandran,Male,43,19,Pulmonology,Clinic,Group Practice,Low,West,Goa,Panaji,Tier 2
HCP02165,Anjali Bhavsar,Female,32,5,Endocrinology,Government,Hospital Attached,Medium,West,Gujarat,Surat,Tier 2
HCP02166,Prisha Kadakia,Female,37,9,Gastroenterology,Private,Group Practice,Low,South,Karnataka,Bengaluru,Tier 1
HCP02167,Faraj Mittal,Female,42,17,General Medicine,Government,Solo Practice,Medium,East,Assam,Guwahati,Tier 2
HCP02168,Rachita Zacharia,Male,58,34,General Medicine,Private,Solo Practice,High,East,Bihar,Patna,Tier 2
HCP02169,Ryan Sachdeva,Male,60,34,Endocrinology,Medical College,Solo Practice,Medium,South,Kerala,Kochi,Tier 2
HCP02170,Zayan Varma,Female,59,35,Neurology,Medical College,Hospital Attached,Low,Central,Chhattisgarh,Bilaspur,Tier 3
HCP02171,Pranit Bahl,Male,65,41,Cardiology,Medical College,Solo Practice,Medium,South,Tamil Nadu,Chennai,Tier 1
HCP02172,Xalak Kala,Male,65,39,Pediatrics,Private,Group Practice,Low,South,Karnataka,Bengaluru,Tier 1
HCP02173,Amrita Walia,Male,68,39,Neurology,Clinic,Hospital Attached,Medium,East,Odisha,Bhubaneswar,Tier 2
HCP02174,Darpan Vig,Female,38,8,Cardiology,Clinic,Group Practice,Low,South,Telangana,Hyderabad,Tier 1
HCP02175,Janya Shere,Female,53,29,Neurology,Medical College,Solo Practice,Medium,North,Haryana,Gurugram,Tier 1
HCP02176,Wridesh Dora,Female,41,16,General Medicine,Medical College,Solo Practice,High,North,Punjab,Ludhiana,Tier 2
HCP02177,Radhika Roy,Male,40,10,Orthopedics,Clinic,Hospital Attached,Medium,South,Tamil Nadu,Chennai,Tier 1
HCP02178,Devansh Jani,Female,51,24,General Medicine,Private,Hospital Attached,High,North,Haryana,Gurugram,Tier 1
HCP02179,Amara Mangat,Female,41,13,General Medicine,Government,Solo Practice,High,South,Karnataka,Bengaluru,Tier 1
HCP02180,Aahana Keer,Female,41,14,Oncology,Medical College,Hospital Attached,Medium,South,Kerala,Kochi,Tier 2
HCP02181,William Comar,Female,66,36,General Medicine,Medical College,Group Practice,Medium,West,Maharashtra,Pune,Tier 1
HCP02182,Rehaan Bala,Female,43,19,Neurology,Government,Solo Practice,Medium,North,Delhi,New Delhi,Tier 1
HCP02183,Dayita Shetty,Male,45,21,Cardiology,Medical College,Hospital Attached,Medium,West,Maharashtra,Pune,Tier 1
HCP02184,Rajata Sami,Male,34,10,Endocrinology,Private,Group Practice,High,Central,Madhya Pradesh,Indore,Tier 2
HCP02185,Saksham Dutta,Female,32,6,Endocrinology,Government,Group Practice,High,North,Chandigarh,Chandigarh,Tier 2
HCP02186,Laban Balakrishnan,Male,47,22,Cardiology,Private,Solo Practice,High,East,Bihar,Patna,Tier 2
HCP02187,Arunima Goda,Male,58,33,General Medicine,Government,Hospital Attached,Low,South,Telangana,Hyderabad,Tier 1
HCP02188,Vedika Bahri,Female,45,21,Pulmonology,Medical College,Solo Practice,High,North,Haryana,Gurugram,Tier 1
HCP02189,Fiyaz Murthy,Male,41,17,Endocrinology,Medical College,Solo Practice,Low,West,Goa,Panaji,Tier 2
HCP02190,Devansh Ray,Female,57,30,General Medicine,Government,Hospital Attached,High,North,Delhi,New Delhi,Tier 1
HCP02191,Gautam Ranganathan,Male,45,16,Cardiology,Medical College,Solo Practice,High,East,Assam,Guwahati,Tier 2
HCP02192,Warinder Choudhury,Male,45,15,General Medicine,Medical College,Solo Practice,High,West,Gujarat,Surat,Tier 2
HCP02193,Zayan Taneja,Male,64,34,Dermatology,Medical College,Solo Practice,High,North,Punjab,Ludhiana,Tier 2
HCP02194,Wazir Das,Male,46,20,General Medicine,Clinic,Group Practice,High,South,Karnataka,Bengaluru,Tier 1
HCP02195,Forum Ramakrishnan,Male,51,22,Oncology,Private,Group Practice,High,West,Goa,Margao,Tier 3
HCP02196,Pallavi Kamdar,Female,54,29,Orthopedics,Clinic,Group Practice,High,North,Haryana,Gurugram,Tier 1
HCP02197,Hredhaan Gill,Female,37,7,Neurology,Medical College,Hospital Attached,Medium,West,Gujarat,Surat,Tier 2
HCP02198,Anvi Sarraf,Female,55,31,Orthopedics,Private,Group Practice,High,West,Maharashtra,Mumbai,Tier 1
HCP02199,Aachal Bhalla,Female,56,26,Orthopedics,Private,Solo Practice,Medium,Central,Madhya Pradesh,Indore,Tier 2
HCP02200,Kavya Chowdhury,Male,66,40,Orthopedics,Private,Hospital Attached,Low,East,Assam,Guwahati,Tier 2
HCP02201,Pallavi Soman,Male,53,29,Gastroenterology,Government,Hospital Attached,Medium,North,Punjab,Amritsar,Tier 2
HCP02202,Arunima Dhillon,Male,64,40,Cardiology,Private,Hospital Attached,Low,North,Punjab,Amritsar,Tier 2
HCP02203,Vaishnavi Pillai,Female,59,35,Endocrinology,Clinic,Hospital Attached,High,South,Telangana,Warangal,Tier 2
HCP02204,Ansh Banerjee,Female,42,14,Endocrinology,Medical College,Hospital Attached,High,West,Goa,Margao,Tier 3
HCP02205,Wriddhish Kulkarni,Male,42,13,Neurology,Private,Hospital Attached,High,East,Bihar,Patna,Tier 2
HCP02206,Dayamai Patil,Male,28,1,Psychiatry,Government,Group Practice,Low,North,Uttar Pradesh,Noida,Tier 1
HCP02207,Warjas Savant,Male,47,22,Pulmonology,Clinic,Solo Practice,Medium,East,West Bengal,Siliguri,Tier 2
HCP02208,Abhiram Ramaswamy,Male,40,16,General Medicine,Clinic,Solo Practice,Low,West,Goa,Margao,Tier 3
HCP02209,Charvi Chana,Male,32,6,Pediatrics,Government,Group Practice,High,South,Telangana,Hyderabad,Tier 1
HCP02210,Chameli Kade,Female,28,1,Orthopedics,Clinic,Group Practice,Medium,West,Gujarat,Surat,Tier 2
HCP02211,Reva Nadig,Female,55,27,Orthopedics,Medical College,Hospital Attached,Medium,South,Telangana,Hyderabad,Tier 1
HCP02212,Bahadurjit Mahal,Male,59,35,Pediatrics,Clinic,Solo Practice,Medium,Central,Madhya Pradesh,Indore,Tier 2
HCP02213,Vyanjana Sinha,Female,52,22,Orthopedics,Government,Group Practice,Medium,North,Uttar Pradesh,Lucknow,Tier 1
HCP02214,Gaurangi Sami,Female,59,35,Endocrinology,Medical College,Solo Practice,Medium,Central,Chhattisgarh,Raipur,Tier 2
HCP02215,Naveen Lal,Male,33,8,Pulmonology,Government,Group Practice,Medium,South,Telangana,Hyderabad,Tier 1
HCP02216,Indira Salvi,Female,43,15,Nephrology,Government,Group Practice,Medium,South,Karnataka,Mysuru,Tier 2
HCP02217,Sudiksha Bala,Female,41,13,Endocrinology,Government,Hospital Attached,Low,Central,Chhattisgarh,Bilaspur,Tier 3
HCP02218,Qarin Sawhney,Male,60,33,General Medicine,Private,Group Practice,Medium,Central,Chhattisgarh,Bilaspur,Tier 3
HCP02219,Aarush Rattan,Female,62,33,Pulmonology,Clinic,Hospital Attached,Low,North,Delhi,New Delhi,Tier 1
HCP02220,Dalaja Murthy,Female,39,12,Cardiology,Private,Solo Practice,Medium,North,Uttar Pradesh,Noida,Tier 1
HCP02221,Indrajit Dugar,Female,55,31,Neurology,Government,Solo Practice,Medium,North,Delhi,Dwarka,Tier 1
HCP02222,Zaitra De,Male,28,1,Gastroenterology,Private,Group Practice,Low,West,Rajasthan,Jaipur,Tier 2
HCP02223,Ekaja Seth,Male,42,16,Dermatology,Medical College,Solo Practice,High,East,West Bengal,Siliguri,Tier 2
HCP02224,Kiaan Lad,Male,34,9,General Medicine,Government,Group Practice,Medium,North,Punjab,Ludhiana,Tier 2
HCP02225,Falak Manda,Female,29,1,Orthopedics,Clinic,Hospital Attached,Medium,North,Haryana,Gurugram,Tier 1
HCP02226,Frado Sachdeva,Female,58,34,Cardiology,Medical College,Solo Practice,Low,West,Goa,Panaji,Tier 2
HCP02227,Qabil Ramaswamy,Female,50,23,Endocrinology,Private,Solo Practice,Low,East,Assam,Guwahati,Tier 2
HCP02228,Udarsh Bail,Male,33,5,General Medicine,Private,Group Practice,Medium,East,Assam,Guwahati,Tier 2
HCP02229,Veer Chakraborty,Female,63,37,Pediatrics,Private,Hospital Attached,Medium,West,Gujarat,Surat,Tier 2
HCP02230,Rushil Lala,Male,42,17,General Medicine,Private,Hospital Attached,High,South,Tamil Nadu,Chennai,Tier 1
HCP02231,Chandran Rattan,Male,51,27,Pediatrics,Government,Solo Practice,Medium,West,Maharashtra,Mumbai,Tier 1
HCP02232,Abha Dixit,Female,65,37,General Medicine,Private,Group Practice,High,Central,Chhattisgarh,Raipur,Tier 2
HCP02233,Jhalak Garde,Female,41,16,Neurology,Medical College,Group Practice,Low,West,Gujarat,Surat,Tier 2
HCP02234,Akshay Vora,Male,52,24,Neurology,Government,Solo Practice,Medium,West,Gujarat,Ahmedabad,Tier 1
HCP02235,Sudiksha Talwar,Male,32,5,Pediatrics,Government,Hospital Attached,Low,North,Chandigarh,Chandigarh,Tier 2
HCP02236,Udarsh Jani,Female,68,42,Oncology,Clinic,Group Practice,Low,West,Goa,Margao,Tier 3
HCP02237,Amaira Mani,Female,30,1,Endocrinology,Medical College,Solo Practice,Low,South,Tamil Nadu,Chennai,Tier 1
HCP02238,Lavanya De,Female,53,26,Orthopedics,Private,Hospital Attached,High,East,West Bengal,Siliguri,Tier 2
HCP02239,Samuel Kale,Female,67,37,Pediatrics,Medical College,Hospital Attached,High,South,Kerala,Kochi,Tier 2
HCP02240,Ranbir Sahota,Male,43,15,Orthopedics,Medical College,Solo Practice,Medium,West,Maharashtra,Nagpur,Tier 2
HCP02241,Nilima Dhingra,Male,54,30,Orthopedics,Private,Hospital Attached,Low,West,Maharashtra,Nagpur,Tier 2
HCP02242,Bina Lala,Female,53,27,Pediatrics,Clinic,Group Practice,High,West,Gujarat,Surat,Tier 2
HCP02243,Shravya Kothari,Female,47,17,Oncology,Medical College,Group Practice,High,South,Karnataka,Mysuru,Tier 2
HCP02244,Tara Chada,Male,58,32,General Medicine,Medical College,Group Practice,Medium,West,Maharashtra,Mumbai,Tier 1
HCP02245,Upasna Deol,Male,44,15,Cardiology,Clinic,Group Practice,Medium,East,Bihar,Patna,Tier 2
HCP02246,Mitali Kala,Male,48,22,Oncology,Private,Group Practice,High,North,Uttar Pradesh,Lucknow,Tier 1
HCP02247,Pallavi Kunda,Male,49,21,Neurology,Clinic,Group Practice,Medium,East,Jharkhand,Ranchi,Tier 2
HCP02248,Girish Bhargava,Male,67,37,General Medicine,Clinic,Solo Practice,Medium,North,Punjab,Ludhiana,Tier 2
HCP02249,Gaurangi Keer,Female,62,34,Endocrinology,Medical College,Hospital Attached,Medium,East,Odisha,Bhubaneswar,Tier 2
HCP02250,Irya Bath,Male,46,17,Cardiology,Clinic,Solo Practice,High,North,Uttar Pradesh,Lucknow,Tier 1
HCP02251,Zehaan Thaman,Female,51,26,Endocrinology,Clinic,Hospital Attached,Medium,South,Karnataka,Bengaluru,Tier 1
HCP02252,Chasmum Rana,Female,37,11,Orthopedics,Clinic,Solo Practice,High,North,Chandigarh,Chandigarh,Tier 2
HCP02253,Kevin Barman,Female,28,4,General Medicine,Clinic,Group Practice,Medium,West,Gujarat,Ahmedabad,Tier 1
HCP02254,Abha Gara,Female,60,32,Pediatrics,Clinic,Solo Practice,High,West,Maharashtra,Nagpur,Tier 2
HCP02255,Harinakshi Sidhu,Female,66,42,Pediatrics,Medical College,Group Practice,Low,South,Karnataka,Mysuru,Tier 2
HCP02256,Gaurav Nadig,Male,35,9,Pulmonology,Government,Solo Practice,High,South,Telangana,Warangal,Tier 2
HCP02257,Lucky Lad,Female,34,6,Orthopedics,Private,Solo Practice,High,West,Maharashtra,Nagpur,Tier 2
HCP02258,Dhriti Basu,Female,41,17,Dermatology,Government,Solo Practice,Low,East,West Bengal,Kolkata,Tier 1
HCP02259,Xalak Mand,Female,46,19,Cardiology,Private,Hospital Attached,Medium,South,Tamil Nadu,Chennai,Tier 1
HCP02260,Qushi Mandal,Female,63,37,Dermatology,Private,Solo Practice,Medium,South,Kerala,Kochi,Tier 2
HCP02261,Aishani Varughese,Female,42,17,Gastroenterology,Medical College,Solo Practice,Medium,North,Uttar Pradesh,Lucknow,Tier 1
HCP02262,Rajata Gala,Male,38,14,Orthopedics,Clinic,Group Practice,Low,South,Andhra Pradesh,Visakhapatnam,Tier 2
HCP02263,Vyanjana Dora,Male,54,29,Cardiology,Private,Solo Practice,High,West,Gujarat,Ahmedabad,Tier 1
HCP02264,Chatresh Gulati,Female,34,10,Cardiology,Clinic,Group Practice,Medium,Central,Chhattisgarh,Bilaspur,Tier 3
HCP02265,Chatura Karpe,Female,56,31,Cardiology,Government,Group Practice,High,East,West Bengal,Kolkata,Tier 1
HCP02266,Balendra Singhal,Female,37,8,Dermatology,Medical College,Solo Practice,Medium,Central,Chhattisgarh,Bilaspur,Tier 3
HCP02267,Nihal Sibal,Female,41,12,Pediatrics,Clinic,Group Practice,Low,North,Uttar Pradesh,Lucknow,Tier 1
HCP02268,Jack Talwar,Female,56,28,Cardiology,Private,Hospital Attached,Low,East,West Bengal,Kolkata,Tier 1
HCP02269,Riya Parikh,Female,38,8,Endocrinology,Private,Group Practice,Medium,South,Tamil Nadu,Coimbatore,Tier 2
HCP02270,Tanvi Tailor,Female,43,14,Cardiology,Private,Group Practice,Medium,East,West Bengal,Kolkata,Tier 1
HCP02271,Manbir Dasgupta,Female,29,1,Oncology,Private,Hospital Attached,Medium,East,West Bengal,Siliguri,Tier 2
HCP02272,Girik Jani,Female,29,2,Orthopedics,Clinic,Group Practice,Low,West,Maharashtra,Pune,Tier 1
HCP02273,Pranit Ganguly,Female,56,29,General Medicine,Clinic,Group Practice,Low,West,Maharashtra,Pune,Tier 1
HCP02274,Simon Agrawal,Female,44,17,General Medicine,Private,Hospital Attached,Medium,North,Punjab,Amritsar,Tier 2
HCP02275,Omaja Bose,Male,30,3,Endocrinology,Private,Solo Practice,High,North,Chandigarh,Chandigarh,Tier 2
HCP02276,Wishi Chandra,Male,33,5,Pulmonology,Government,Group Practice,Low,West,Goa,Margao,Tier 3
HCP02277,Atharv Mane,Female,56,31,Cardiology,Medical College,Group Practice,High,South,Kerala,Kochi,Tier 2
HCP02278,Meera Prakash,Male,42,15,Cardiology,Government,Solo Practice,High,North,Haryana,Gurugram,Tier 1
HCP02279,Ekiya Dube,Male,64,35,Gastroenterology,Private,Group Practice,Medium,Central,Madhya Pradesh,Bhopal,Tier 2
HCP02280,Finn Sharma,Female,38,13,General Medicine,Private,Hospital Attached,High,West,Maharashtra,Pune,Tier 1
HCP02281,Sudiksha Luthra,Male,34,8,Gastroenterology,Private,Hospital Attached,Low,South,Tamil Nadu,Coimbatore,Tier 2
HCP02282,Forum Bassi,Female,63,33,Endocrinology,Private,Solo Practice,Medium,West,Goa,Margao,Tier 3
HCP02283,Ekta Dayal,Male,43,13,General Medicine,Private,Group Practice,Medium,West,Maharashtra,Nagpur,Tier 2
HCP02284,Chanakya Mandal,Male,60,32,Dermatology,Medical College,Solo Practice,Low,West,Rajasthan,Jaipur,Tier 2
HCP02285,Christopher Bobal,Female,37,7,General Medicine,Clinic,Hospital Attached,High,North,Chandigarh,Chandigarh,Tier 2
HCP02286,George Rastogi,Female,43,16,General Medicine,Government,Hospital Attached,Low,Central,Madhya Pradesh,Bhopal,Tier 2
HCP02287,Pranav Khatri,Male,32,5,General Medicine,Clinic,Group Practice,Medium,West,Gujarat,Surat,Tier 2
HCP02288,Gaurav Bail,Female,53,25,Orthopedics,Medical College,Hospital Attached,Medium,North,Uttar Pradesh,Noida,Tier 1
HCP02289,Nicholas Rama,Female,66,38,Pulmonology,Medical College,Group Practice,Medium,East,Odisha,Bhubaneswar,Tier 2
HCP02290,Bhavani Dube,Female,38,10,Dermatology,Private,Solo Practice,Low,East,Odisha,Bhubaneswar,Tier 2
HCP02291,Chanchal Swaminathan,Female,47,23,Orthopedics,Medical College,Group Practice,Medium,Central,Madhya Pradesh,Bhopal,Tier 2
HCP02292,Dayita Deep,Female,29,3,Pediatrics,Government,Solo Practice,Medium,Central,Chhattisgarh,Bilaspur,Tier 3
HCP02293,Gopal Pillai,Male,56,26,Orthopedics,Private,Hospital Attached,High,East,Jharkhand,Ranchi,Tier 2
HCP02294,Vrishti Sehgal,Female,43,18,General Medicine,Private,Group Practice,Medium,South,Telangana,Hyderabad,Tier 1
HCP02295,Vamakshi Loyal,Female,57,28,Pediatrics,Private,Group Practice,Low,West,Gujarat,Ahmedabad,Tier 1
HCP02296,Gautam Sami,Male,43,18,Dermatology,Government,Group Practice,Medium,North,Chandigarh,Chandigarh,Tier 2
HCP02297,Quincy Saraf,Female,57,30,Dermatology,Medical College,Solo Practice,Medium,East,West Bengal,Siliguri,Tier 2
HCP02298,Girik Baria,Female,60,32,Pediatrics,Medical College,Solo Practice,Medium,West,Gujarat,Surat,Tier 2
HCP02299,Ubika Kapur,Male,47,19,General Medicine,Government,Solo Practice,High,North,Punjab,Amritsar,Tier 2
HCP02300,Warhi Vyas,Female,31,7,Pediatrics,Clinic,Solo Practice,Medium,East,Jharkhand,Ranchi,Tier 2
HCP02301,Bina Sidhu,Female,67,40,Endocrinology,Clinic,Group Practice,Medium,East,Assam,Guwahati,Tier 2
HCP02302,Fariq Sridhar,Male,56,26,Pediatrics,Government,Hospital Attached,High,North,Punjab,Ludhiana,Tier 2
HCP02303,Manthan Datta,Male,37,7,Endocrinology,Medical College,Hospital Attached,High,East,Odisha,Bhubaneswar,Tier 2
HCP02304,Yuvraj Virk,Female,37,12,Pulmonology,Private,Solo Practice,Medium,South,Kerala,Kochi,Tier 2
HCP02305,Chakrika Batta,Female,53,28,General Medicine,Clinic,Solo Practice,High,East,Odisha,Bhubaneswar,Tier 2
HCP02306,Chakradev Varghese,Male,54,26,General Medicine,Private,Group Practice,Medium,East,West Bengal,Kolkata,Tier 1
HCP02307,Yashvi Sandal,Female,41,17,Nephrology,Private,Solo Practice,Medium,West,Maharashtra,Pune,Tier 1
HCP02308,Girindra Shetty,Female,32,7,Pediatrics,Private,Hospital Attached,Medium,North,Delhi,New Delhi,Tier 1
HCP02309,Isha Kumar,Male,57,27,Dermatology,Clinic,Group Practice,High,South,Karnataka,Bengaluru,Tier 1
HCP02310,Yahvi Babu,Female,64,36,Orthopedics,Clinic,Hospital Attached,Medium,South,Tamil Nadu,Coimbatore,Tier 2
HCP02311,Turvi Gola,Male,65,37,Neurology,Private,Solo Practice,High,East,West Bengal,Siliguri,Tier 2
HCP02312,Maya Bath,Female,58,32,Endocrinology,Clinic,Group Practice,High,North,Delhi,Dwarka,Tier 1
HCP02313,Omaja Mishra,Female,31,3,Cardiology,Clinic,Solo Practice,High,East,West Bengal,Siliguri,Tier 2
HCP02314,Suhani Sengupta,Male,42,17,Pediatrics,Private,Solo Practice,Medium,South,Tamil Nadu,Chennai,Tier 1
HCP02315,Harita Grover,Female,54,25,Endocrinology,Clinic,Group Practice,Low,East,West Bengal,Kolkata,Tier 1
HCP02316,Qasim Brar,Male,67,40,Oncology,Government,Group Practice,High,East,Bihar,Patna,Tier 2
HCP02317,Hitesh Saraf,Male,55,28,Gastroenterology,Private,Group Practice,Medium,East,Odisha,Bhubaneswar,Tier 2
HCP02318,Abdul Rana,Male,49,23,General Medicine,Private,Group Practice,High,East,Bihar,Patna,Tier 2
HCP02319,Agastya Garg,Female,53,25,Cardiology,Medical College,Solo Practice,Medium,West,Maharashtra,Mumbai,Tier 1
HCP02320,Triveni Ravel,Male,49,24,Orthopedics,Medical College,Solo Practice,Low,East,Bihar,Patna,Tier 2
HCP02321,Chavvi Patel,Male,28,3,Orthopedics,Medical College,Solo Practice,High,South,Karnataka,Bengaluru,Tier 1
HCP02322,Chasmum Chahal,Male,31,7,Pediatrics,Government,Solo Practice,Medium,South,Tamil Nadu,Chennai,Tier 1
HCP02323,Krishna Atwal,Female,50,21,Orthopedics,Government,Solo Practice,High,North,Punjab,Ludhiana,Tier 2
HCP02324,Isaac Babu,Female,34,10,Nephrology,Government,Solo Practice,Medium,West,Rajasthan,Jaipur,Tier 2
HCP02325,Avi Kadakia,Male,38,11,Gastroenterology,Medical College,Solo Practice,Medium,Central,Madhya Pradesh,Indore,Tier 2
HCP02326,Maanav Khurana,Female,67,37,Orthopedics,Clinic,Solo Practice,Low,North,Haryana,Gurugram,Tier 1
HCP02327,Rayaan Chadha,Female,38,9,Gastroenterology,Government,Group Practice,Medium,West,Rajasthan,Jaipur,Tier 2
HCP02328,Ubika Divan,Female,30,3,Dermatology,Private,Hospital Attached,Medium,North,Punjab,Amritsar,Tier 2
HCP02329,Pahal Bains,Female,50,22,Cardiology,Medical College,Group Practice,High,West,Gujarat,Surat,Tier 2
HCP02330,Ojas Dua,Male,47,18,Endocrinology,Private,Group Practice,Low,East,Assam,Guwahati,Tier 2
HCP02331,Vedhika Sinha,Male,30,6,General Medicine,Government,Solo Practice,Low,West,Gujarat,Surat,Tier 2
HCP02332,Shivani Kibe,Female,36,11,Pulmonology,Clinic,Group Practice,Medium,North,Uttar Pradesh,Noida,Tier 1
HCP02333,Chaitaly Ramanathan,Male,58,31,Endocrinology,Clinic,Hospital Attached,Low,Central,Chhattisgarh,Raipur,Tier 2
HCP02334,Gauri Anand,Female,30,4,General Medicine,Private,Group Practice,Low,South,Kerala,Kochi,Tier 2
HCP02335,Rachana Sagar,Male,44,17,General Medicine,Medical College,Group Practice,Medium,East,West Bengal,Kolkata,Tier 1
HCP02336,Bina Bansal,Female,48,21,General Medicine,Clinic,Hospital Attached,High,South,Tamil Nadu,Chennai,Tier 1
HCP02337,Mugdha Sunder,Female,48,18,Orthopedics,Private,Solo Practice,High,Central,Madhya Pradesh,Bhopal,Tier 2
HCP02338,Vincent Bhat,Male,44,17,General Medicine,Clinic,Solo Practice,Low,North,Uttar Pradesh,Noida,Tier 1
HCP02339,Pahal Mutti,Male,43,15,Orthopedics,Clinic,Solo Practice,High,South,Telangana,Warangal,Tier 2
HCP02340,Amrita Sahni,Female,30,1,General Medicine,Clinic,Hospital Attached,Medium,South,Andhra Pradesh,Visakhapatnam,Tier 2
HCP02341,Jackson Talwar,Female,49,25,General Medicine,Private,Solo Practice,Low,West,Maharashtra,Mumbai,Tier 1
HCP02342,Saumya Sarin,Female,61,34,Dermatology,Private,Group Practice,High,West,Maharashtra,Pune,Tier 1
HCP02343,Neel Mani,Male,57,28,Orthopedics,Clinic,Hospital Attached,High,West,Goa,Panaji,Tier 2
HCP02344,Upasna Padmanabhan,Female,30,4,Endocrinology,Medical College,Hospital Attached,Medium,South,Karnataka,Mysuru,Tier 2
HCP02345,Vincent Tripathi,Male,58,28,Dermatology,Medical College,Hospital Attached,Medium,East,Odisha,Bhubaneswar,Tier 2
HCP02346,Harinakshi Sidhu,Female,65,40,Pediatrics,Clinic,Hospital Attached,High,West,Gujarat,Ahmedabad,Tier 1
HCP02347,Chaaya Ramakrishnan,Male,65,39,Endocrinology,Government,Hospital Attached,Low,South,Telangana,Warangal,Tier 2
HCP02348,Jagvi Sodhi,Male,56,31,Endocrinology,Medical College,Solo Practice,High,East,Assam,Guwahati,Tier 2
HCP02349,Sarthak Mandal,Female,62,32,Dermatology,Medical College,Solo Practice,Medium,North,Uttar Pradesh,Lucknow,Tier 1
HCP02350,Vasudha Dayal,Female,66,37,General Medicine,Private,Hospital Attached,Medium,South,Tamil Nadu,Chennai,Tier 1
HCP02351,Ryan Dugar,Female,35,5,Cardiology,Medical College,Hospital Attached,High,West,Maharashtra,Pune,Tier 1
HCP02352,Harrison Sagar,Male,62,33,Cardiology,Medical College,Solo Practice,Medium,West,Gujarat,Surat,Tier 2
HCP02353,Chavvi Keer,Male,58,34,General Medicine,Clinic,Solo Practice,Medium,North,Punjab,Amritsar,Tier 2
HCP02354,Champak Badami,Female,54,29,Oncology,Private,Hospital Attached,Low,North,Haryana,Gurugram,Tier 1
HCP02355,Advika Parikh,Male,46,20,Nephrology,Government,Solo Practice,High,East,West Bengal,Kolkata,Tier 1
HCP02356,Owen Thakur,Male,28,3,General Medicine,Clinic,Solo Practice,Low,North,Uttar Pradesh,Lucknow,Tier 1
HCP02357,Devansh Nazareth,Female,49,25,Pediatrics,Medical College,Hospital Attached,Low,South,Tamil Nadu,Chennai,Tier 1
HCP02358,Ishaan Karan,Female,33,7,Gastroenterology,Clinic,Solo Practice,Medium,Central,Madhya Pradesh,Bhopal,Tier 2
HCP02359,Udarsh Sur,Male,62,36,Pulmonology,Government,Solo Practice,Low,North,Delhi,Dwarka,Tier 1
HCP02360,Harini Pant,Female,38,10,Gastroenterology,Private,Group Practice,High,East,Assam,Guwahati,Tier 2
HCP02361,Amara Dora,Female,29,3,Dermatology,Medical College,Solo Practice,High,West,Gujarat,Surat,Tier 2
HCP02362,Chandresh Sarma,Female,41,16,General Medicine,Medical College,Hospital Attached,High,South,Telangana,Hyderabad,Tier 1
HCP02363,Indrajit Cherian,Male,42,12,Neurology,Medical College,Hospital Attached,High,Central,Chhattisgarh,Raipur,Tier 2
HCP02364,Benjamin Tripathi,Female,48,19,Endocrinology,Government,Solo Practice,Medium,East,Assam,Guwahati,Tier 2
HCP02365,Oliver Dalal,Male,64,38,General Medicine,Clinic,Hospital Attached,Medium,South,Telangana,Warangal,Tier 2
HCP02366,Janaki Dugar,Male,48,18,Pediatrics,Private,Solo Practice,Medium,North,Delhi,New Delhi,Tier 1
HCP02367,Riya Toor,Male,65,40,Pediatrics,Clinic,Solo Practice,Medium,South,Telangana,Hyderabad,Tier 1
HCP02368,Hardik Dube,Male,68,42,Cardiology,Medical College,Group Practice,Low,East,Odisha,Bhubaneswar,Tier 2
HCP02369,Gaurika Devi,Male,31,5,Neurology,Private,Hospital Attached,Medium,South,Tamil Nadu,Coimbatore,Tier 2
HCP02370,Saksham Sarna,Female,37,11,Endocrinology,Medical College,Solo Practice,High,West,Maharashtra,Pune,Tier 1
HCP02371,Abeer Korpal,Female,32,5,Cardiology,Clinic,Group Practice,Low,East,Odisha,Bhubaneswar,Tier 2
HCP02372,Harita Mangat,Female,48,23,Pulmonology,Private,Hospital Attached,Medium,Central,Madhya Pradesh,Bhopal,Tier 2
HCP02373,Frederick Lata,Male,51,27,General Medicine,Clinic,Group Practice,Medium,North,Delhi,New Delhi,Tier 1
HCP02374,Oeshi Patel,Male,39,11,Cardiology,Government,Solo Practice,Low,East,West Bengal,Siliguri,Tier 2
HCP02375,Max Wagle,Female,63,33,Orthopedics,Government,Hospital Attached,Medium,South,Telangana,Hyderabad,Tier 1
HCP02376,Vedant Devi,Female,63,34,Cardiology,Medical College,Solo Practice,Medium,East,Odisha,Bhubaneswar,Tier 2
HCP02377,Odika Rout,Female,33,4,Endocrinology,Government,Solo Practice,Low,East,Odisha,Bhubaneswar,Tier 2
HCP02378,Zaitra Pathak,Male,34,7,General Medicine,Clinic,Group Practice,Medium,South,Karnataka,Mysuru,Tier 2
HCP02379,Saanvi Dhingra,Female,38,10,Oncology,Private,Solo Practice,Medium,North,Punjab,Ludhiana,Tier 2
HCP02380,Zansi Boase,Male,64,35,Dermatology,Government,Group Practice,Low,West,Rajasthan,Jaipur,Tier 2
HCP02381,Hamsini Murty,Male,38,9,Psychiatry,Private,Group Practice,Low,North,Uttar Pradesh,Lucknow,Tier 1
HCP02382,Nitesh Saraf,Female,64,34,Pulmonology,Private,Group Practice,Medium,East,Jharkhand,Ranchi,Tier 2
HCP02383,Maya Bansal,Male,55,30,Neurology,Medical College,Solo Practice,High,West,Maharashtra,Mumbai,Tier 1
HCP02384,Dalbir Venkatesh,Female,50,25,Endocrinology,Medical College,Hospital Attached,Medium,North,Uttar Pradesh,Lucknow,Tier 1
HCP02385,Oni Ratti,Male,67,37,Dermatology,Medical College,Group Practice,Medium,East,West Bengal,Kolkata,Tier 1
HCP02386,Dipta Padmanabhan,Female,28,4,Endocrinology,Private,Hospital Attached,Medium,West,Goa,Panaji,Tier 2
HCP02387,Ati Wable,Male,64,39,Gastroenterology,Government,Hospital Attached,Low,South,Tamil Nadu,Coimbatore,Tier 2
HCP02388,Netra Sehgal,Male,42,17,Pulmonology,Government,Hospital Attached,Medium,North,Uttar Pradesh,Lucknow,Tier 1
HCP02389,Riya Pai,Male,45,21,Orthopedics,Private,Hospital Attached,Low,West,Goa,Margao,Tier 3
HCP02390,Rudra Mitra,Male,54,30,Endocrinology,Medical College,Solo Practice,Low,East,Odisha,Bhubaneswar,Tier 2
HCP02391,Balhaar Yogi,Male,51,25,Psychiatry,Medical College,Hospital Attached,Medium,East,Assam,Guwahati,Tier 2
HCP02392,Madhavi Date,Female,56,27,Cardiology,Private,Solo Practice,Medium,North,Uttar Pradesh,Noida,Tier 1
HCP02393,Tanay Chander,Male,43,16,Pediatrics,Clinic,Group Practice,Low,West,Goa,Margao,Tier 3
HCP02394,Harini Dutta,Male,55,28,General Medicine,Government,Hospital Attached,Medium,Central,Chhattisgarh,Bilaspur,Tier 3
HCP02395,Ayaan Zacharia,Female,41,14,General Medicine,Clinic,Solo Practice,Medium,South,Kerala,Kochi,Tier 2
HCP02396,Wyatt Modi,Male,55,25,General Medicine,Government,Hospital Attached,Medium,East,Assam,Guwahati,Tier 2
HCP02397,Yashasvi Choudhry,Female,42,15,Cardiology,Clinic,Group Practice,High,South,Karnataka,Bengaluru,Tier 1
HCP02398,Kashish Lad,Female,38,11,Cardiology,Private,Solo Practice,High,Central,Chhattisgarh,Bilaspur,Tier 3
HCP02399,Jatin Batta,Female,52,27,Nephrology,Private,Solo Practice,Medium,North,Uttar Pradesh,Lucknow,Tier 1
HCP02400,Saumya Misra,Female,61,35,Neurology,Clinic,Hospital Attached,Medium,West,Goa,Panaji,Tier 2
HCP02401,Sudiksha Nori,Female,53,29,General Medicine,Government,Solo Practice,High,Central,Madhya Pradesh,Indore,Tier 2
HCP02402,Vivaan Palla,Female,43,13,Psychiatry,Private,Hospital Attached,Medium,West,Rajasthan,Jaipur,Tier 2
HCP02403,Bhavani Dey,Male,37,13,Endocrinology,Medical College,Hospital Attached,Medium,Central,Madhya Pradesh,Bhopal,Tier 2
HCP02404,Zinal Kota,Female,40,15,General Medicine,Clinic,Hospital Attached,High,East,Assam,Guwahati,Tier 2
HCP02405,Falak Varty,Female,45,17,General Medicine,Medical College,Hospital Attached,High,West,Goa,Margao,Tier 3
HCP02406,Jalsa Sha,Female,34,7,Pediatrics,Private,Solo Practice,Medium,West,Goa,Margao,Tier 3
HCP02407,Manan Sandal,Female,50,23,Pulmonology,Clinic,Group Practice,Low,East,West Bengal,Siliguri,Tier 2
HCP02408,Finn Chanda,Male,32,8,Orthopedics,Private,Solo Practice,Medium,East,Jharkhand,Ranchi,Tier 2
HCP02409,Pavani De,Male,41,14,Endocrinology,Government,Solo Practice,Medium,South,Telangana,Warangal,Tier 2
HCP02410,Tanish Sehgal,Female,36,11,Pulmonology,Private,Group Practice,Low,Central,Madhya Pradesh,Indore,Tier 2
HCP02411,Kala Vora,Female,28,1,Endocrinology,Clinic,Hospital Attached,Medium,North,Punjab,Amritsar,Tier 2
HCP02412,Zilmil Rana,Female,41,17,Endocrinology,Private,Hospital Attached,Low,North,Chandigarh,Chandigarh,Tier 2
HCP02413,Wishi Sampath,Female,66,38,Pulmonology,Private,Solo Practice,Medium,West,Maharashtra,Mumbai,Tier 1
HCP02414,Vrishti Saha,Female,62,37,Neurology,Government,Group Practice,High,South,Andhra Pradesh,Visakhapatnam,Tier 2
HCP02415,Maanas Tiwari,Male,54,28,General Medicine,Private,Hospital Attached,Medium,West,Maharashtra,Nagpur,Tier 2
HCP02416,Vedhika Shankar,Female,50,24,Pulmonology,Private,Solo Practice,High,East,Assam,Guwahati,Tier 2
HCP02417,Yochana Wadhwa,Male,45,20,General Medicine,Private,Solo Practice,High,North,Delhi,Dwarka,Tier 1
HCP02418,Simon Shah,Male,40,10,Cardiology,Private,Group Practice,Medium,Central,Madhya Pradesh,Bhopal,Tier 2
HCP02419,Bachittar Dugar,Female,42,14,General Medicine,Government,Hospital Attached,High,West,Rajasthan,Jaipur,Tier 2
HCP02420,Jagat Rege,Male,51,22,Pulmonology,Clinic,Hospital Attached,Medium,East,Bihar,Patna,Tier 2
HCP02421,Jai Pingle,Male,38,11,Endocrinology,Private,Group Practice,Low,West,Goa,Margao,Tier 3
HCP02422,Banjeet Virk,Male,54,30,General Medicine,Private,Solo Practice,Low,Central,Madhya Pradesh,Bhopal,Tier 2
HCP02423,Jacob Prabhu,Female,34,7,Cardiology,Private,Group Practice,High,Central,Chhattisgarh,Raipur,Tier 2
HCP02424,Kavya Mitter,Female,56,31,Gastroenterology,Private,Group Practice,Medium,West,Goa,Margao,Tier 3
HCP02425,Vedika Bala,Female,45,19,Cardiology,Private,Hospital Attached,High,East,Assam,Guwahati,Tier 2
HCP02426,Lucky Sama,Male,40,13,Cardiology,Medical College,Solo Practice,High,East,Bihar,Patna,Tier 2
HCP02427,Dalaja Mander,Male,36,12,Cardiology,Government,Hospital Attached,Medium,West,Maharashtra,Nagpur,Tier 2
HCP02428,Qadim Suresh,Male,31,3,General Medicine,Private,Solo Practice,Low,East,West Bengal,Kolkata,Tier 1
HCP02429,Jason Palla,Male,60,30,Orthopedics,Government,Solo Practice,Medium,South,Kerala,Kochi,Tier 2
HCP02430,Chaitanya Sahni,Male,49,21,Orthopedics,Clinic,Group Practice,Medium,East,Jharkhand,Ranchi,Tier 2
HCP02431,Dayita Sethi,Male,39,15,Pediatrics,Private,Solo Practice,High,South,Karnataka,Mysuru,Tier 2
HCP02432,Krishna Soman,Male,68,44,Pediatrics,Medical College,Solo Practice,Medium,Central,Chhattisgarh,Raipur,Tier 2
HCP02433,Lakshit Thaman,Male,48,21,General Medicine,Clinic,Group Practice,Low,East,West Bengal,Kolkata,Tier 1
HCP02434,Shivani Sen,Male,29,1,Neurology,Government,Hospital Attached,Low,West,Goa,Margao,Tier 3
HCP02435,Eshana Chakraborty,Female,38,8,Pulmonology,Government,Solo Practice,Medium,West,Gujarat,Ahmedabad,Tier 1
HCP02436,Lila Kaul,Female,34,7,Gastroenterology,Clinic,Solo Practice,High,South,Kerala,Kochi,Tier 2
HCP02437,Harinakshi Zachariah,Male,37,11,Cardiology,Government,Hospital Attached,Medium,West,Goa,Panaji,Tier 2
HCP02438,Saanvi Mall,Female,44,19,General Medicine,Private,Hospital Attached,Medium,West,Goa,Margao,Tier 3
HCP02439,Noah Bakshi,Female,46,19,Orthopedics,Government,Solo Practice,Low,East,Odisha,Bhubaneswar,Tier 2
HCP02440,Jatin Chada,Female,60,32,Gastroenterology,Clinic,Group Practice,Medium,North,Chandigarh,Chandigarh,Tier 2
HCP02441,Chatresh Vig,Female,57,33,General Medicine,Government,Solo Practice,Medium,East,Assam,Guwahati,Tier 2
HCP02442,Vamakshi Thakkar,Male,52,26,Neurology,Government,Group Practice,High,South,Telangana,Warangal,Tier 2
HCP02443,Jai Wali,Female,61,36,Endocrinology,Government,Solo Practice,Medium,South,Andhra Pradesh,Visakhapatnam,Tier 2
HCP02444,Anirudh Maharaj,Female,60,35,Nephrology,Clinic,Hospital Attached,Low,Central,Chhattisgarh,Raipur,Tier 2
HCP02445,Yatan Sawhney,Female,38,8,Orthopedics,Government,Hospital Attached,High,West,Rajasthan,Jaipur,Tier 2
HCP02446,Ekani Ratti,Female,31,4,Cardiology,Medical College,Hospital Attached,High,South,Telangana,Warangal,Tier 2
HCP02447,Vyanjana Bajaj,Female,67,41,Gastroenterology,Government,Hospital Attached,High,South,Andhra Pradesh,Visakhapatnam,Tier 2
HCP02448,Rajeshri Gole,Male,36,12,General Medicine,Government,Solo Practice,High,South,Karnataka,Bengaluru,Tier 1
HCP02449,Arjun Wable,Female,61,37,Dermatology,Government,Group Practice,Medium,South,Tamil Nadu,Chennai,Tier 1
HCP02450,Lavanya Kurian,Female,39,11,Oncology,Medical College,Solo Practice,Medium,East,Jharkhand,Ranchi,Tier 2
HCP02451,Ishwar Chaudhary,Female,40,12,Neurology,Medical College,Group Practice,Low,East,Odisha,Bhubaneswar,Tier 2
HCP02452,Bhavika Dhawan,Male,37,8,Endocrinology,Clinic,Hospital Attached,Low,East,Odisha,Bhubaneswar,Tier 2
HCP02453,Aadhya Chakraborty,Female,54,28,General Medicine,Private,Group Practice,High,East,Odisha,Bhubaneswar,Tier 2
HCP02454,Damyanti Reddy,Male,51,22,Pulmonology,Medical College,Solo Practice,Low,East,Jharkhand,Ranchi,Tier 2
HCP02455,Daniel Nanda,Female,33,6,Dermatology,Medical College,Group Practice,High,West,Maharashtra,Nagpur,Tier 2
HCP02456,Avi Bhardwaj,Female,38,12,Oncology,Clinic,Group Practice,High,South,Karnataka,Bengaluru,Tier 1
HCP02457,Madhavi Chaudhary,Male,39,12,Gastroenterology,Clinic,Group Practice,Medium,West,Maharashtra,Nagpur,Tier 2
HCP02458,Lucky Sachar,Male,46,21,Psychiatry,Government,Hospital Attached,Low,East,Assam,Guwahati,Tier 2
HCP02459,Aarna Prashad,Female,47,20,Gastroenterology,Clinic,Hospital Attached,Medium,West,Maharashtra,Nagpur,Tier 2
HCP02460,Charles Jain,Male,42,13,General Medicine,Private,Hospital Attached,Medium,South,Karnataka,Mysuru,Tier 2
HCP02461,Warjas Tailor,Male,45,19,Pulmonology,Private,Group Practice,Medium,North,Delhi,Dwarka,Tier 1
HCP02462,Ishwar Luthra,Male,49,25,Cardiology,Government,Group Practice,Low,West,Goa,Margao,Tier 3
HCP02463,Eesha Shetty,Male,41,11,Gastroenterology,Private,Hospital Attached,Medium,East,Bihar,Patna,Tier 2
HCP02464,Dominic Sule,Female,35,8,Pulmonology,Private,Solo Practice,Low,West,Gujarat,Ahmedabad,Tier 1
HCP02465,Nikita Kaur,Female,61,34,Pulmonology,Government,Hospital Attached,Low,Central,Madhya Pradesh,Indore,Tier 2
HCP02466,Amruta Chaudhuri,Male,43,15,General Medicine,Private,Group Practice,Low,North,Chandigarh,Chandigarh,Tier 2
HCP02467,Jeremiah Modi,Female,48,23,General Medicine,Medical College,Solo Practice,High,West,Maharashtra,Mumbai,Tier 1
HCP02468,Sanaya Chacko,Male,67,37,Pediatrics,Clinic,Group Practice,Low,North,Uttar Pradesh,Lucknow,Tier 1
HCP02469,Lucky Prakash,Female,63,34,Dermatology,Government,Solo Practice,High,East,Jharkhand,Ranchi,Tier 2
HCP02470,Yatan Yogi,Male,29,1,General Medicine,Government,Group Practice,High,South,Telangana,Hyderabad,Tier 1
HCP02471,Siya Barman,Male,63,38,Gastroenterology,Government,Solo Practice,Medium,West,Maharashtra,Pune,Tier 1
HCP02472,Ucchal Mann,Female,58,29,Pulmonology,Clinic,Hospital Attached,Medium,South,Telangana,Hyderabad,Tier 1
HCP02473,Aadi Bhasin,Male,54,30,Dermatology,Private,Group Practice,Medium,West,Gujarat,Ahmedabad,Tier 1
HCP02474,Anjali Krishna,Female,36,12,General Medicine,Government,Solo Practice,High,South,Karnataka,Mysuru,Tier 2
HCP02475,Indali Kala,Female,34,6,Cardiology,Private,Group Practice,Medium,West,Gujarat,Ahmedabad,Tier 1
HCP02476,Chakradev Edwin,Female,29,1,General Medicine,Medical College,Solo Practice,Low,South,Telangana,Hyderabad,Tier 1
HCP02477,Charita Chakraborty,Male,41,13,Orthopedics,Private,Solo Practice,Low,South,Karnataka,Bengaluru,Tier 1
HCP02478,Jason Dey,Female,49,23,Endocrinology,Government,Group Practice,High,East,Bihar,Patna,Tier 2
HCP02479,Rachana Kade,Female,36,8,Orthopedics,Government,Group Practice,Medium,West,Goa,Margao,Tier 3
HCP02480,Hema Lal,Female,43,16,Oncology,Medical College,Group Practice,High,South,Tamil Nadu,Coimbatore,Tier 2
HCP02481,Anjali Korpal,Male,61,32,General Medicine,Private,Group Practice,High,South,Andhra Pradesh,Visakhapatnam,Tier 2
HCP02482,Harita Kade,Male,30,5,Dermatology,Government,Hospital Attached,High,East,Assam,Guwahati,Tier 2
HCP02483,Falguni Babu,Female,52,25,Dermatology,Government,Solo Practice,Medium,North,Punjab,Ludhiana,Tier 2
HCP02484,Aarnav Soni,Female,32,6,Oncology,Private,Solo Practice,High,South,Andhra Pradesh,Visakhapatnam,Tier 2
HCP02485,Aditya Ghose,Male,44,18,Endocrinology,Medical College,Hospital Attached,Medium,West,Goa,Panaji,Tier 2
HCP02486,Vrinda Ramaswamy,Female,64,40,Pediatrics,Medical College,Group Practice,High,East,Bihar,Patna,Tier 2
HCP02487,Faras Yohannan,Male,67,42,Nephrology,Clinic,Group Practice,High,Central,Madhya Pradesh,Bhopal,Tier 2
HCP02488,Sai Dasgupta,Male,35,10,Cardiology,Government,Hospital Attached,High,West,Gujarat,Surat,Tier 2
HCP02489,Krisha Parmar,Male,49,23,Cardiology,Private,Group Practice,Low,North,Delhi,Dwarka,Tier 1
HCP02490,Peter Anand,Male,51,23,Pulmonology,Government,Solo Practice,Medium,West,Goa,Margao,Tier 3
HCP02491,Turvi Prabhakar,Female,29,1,Gastroenterology,Clinic,Hospital Attached,Medium,Central,Madhya Pradesh,Indore,Tier 2
HCP02492,Sai Andra,Male,46,20,Orthopedics,Government,Hospital Attached,High,East,Bihar,Patna,Tier 2
HCP02493,Anmol Mand,Female,65,35,General Medicine,Medical College,Hospital Attached,Medium,East,Assam,Guwahati,Tier 2
HCP02494,Rehaan Chana,Female,46,16,Orthopedics,Medical College,Solo Practice,High,West,Gujarat,Surat,Tier 2
HCP02495,Timothy Kaur,Female,37,9,Gastroenterology,Medical College,Hospital Attached,High,West,Maharashtra,Nagpur,Tier 2
HCP02496,Janani Bansal,Male,37,11,Orthopedics,Clinic,Solo Practice,High,East,Jharkhand,Ranchi,Tier 2
HCP02497,Waida Kadakia,Female,64,36,Gastroenterology,Private,Solo Practice,High,West,Maharashtra,Mumbai,Tier 1
HCP02498,Rohan Randhawa,Male,39,9,Gastroenterology,Private,Group Practice,High,West,Maharashtra,Pune,Tier 1
HCP02499,Arunima Tella,Female,53,25,Orthopedics,Government,Group Practice,Medium,West,Maharashtra,Pune,Tier 1
HCP02500,Onkar Hari,Male,63,36,General Medicine,Government,Group Practice,High,North,Chandigarh,Chandigarh,Tier 2
